Pr√©nom,Sexe
Timothy,M
Kenneth,M
James,M
James,M
Keith,M
Jeff,M
Jon,M
Douglas,M
Mike,M
Logan,M
Nathan,M
Kenneth,M
Robert,M
Ernest,M
Chester,M
Dan,M
Robert,M
Richard,M
Billy,M
Lawrence,M
Douglas,M
Stephan,M
Thomas,M
Michael,M
Paul,M
Michael,M
Robert,M
Mark,M
Matthew,M
William,M
Jack,M
Juan,M
Michael,M
Javier,M
Brian,M
William,M
Alberto,M
David,M
William,M
Ignacio,M
Thomas,M
Joseph,M
Wilbert,M
Curtis,M
Glen,M
Ned,M
George,M
Homer,M
Terry,M
Kirk,M
Andrew,M
Hiram,M
Edward,M
Daniel,M
Willie,M
John,M
Troy,M
Lawrence,M
Octavio,M
Larry,M
William,M
Elwood,M
Jesus,M
Grady,M
Wesley,M
David,M
Frank,M
Ian,M
Rick,M
Marshall,M
Raymond,M
John,M
Pete,M
Matt,M
Jesus,M
Robert,M
Jose,M
Joe,M
Leroy,M
Jose,M
William,M
Kenneth,M
Kim,M
Lawrence,M
Wayne,M
Erik,M
Charles,M
Charles,M
Elmer,M
Robert,M
Albert,M
Charles,M
Daniel,M
Theodore,M
Harry,M
Jose,M
Richard,M
Jose,M
William,M
Adam,M
George,M
Michael,M
Edward,M
Damon,M
Rafael,M
Larry,M
Jason,M
Daniel,M
Dan,M
Gregory,M
Michael,M
Tracy,M
Gerald,M
Joel,M
Anthony,M
Michael,M
Herbert,M
Paul,M
Jerome,M
Stephen,M
Angel,M
Christopher,M
Ken,M
William,M
David,M
Samuel,M
Cecil,M
James,M
Alex,M
Ray,M
Harold,M
Ryan,M
William,M
Charles,M
Robert,M
Dan,M
Gary,M
Donald,M
Arturo,M
David,M
Larry,M
George,M
Ralph,M
Frank,M
James,M
David,M
Willie,M
Lee,M
Richard,M
Randy,M
Joel,M
Michael,M
Fernando,M
Scott,M
Dalton,M
Milton,M
Glenn,M
Lloyd,M
James,M
Joseph,M
William,M
Willie,M
David,M
Donald,M
David,M
Joseph,M
Jerome,M
William,M
Dennis,M
Robert,M
Todd,M
Shawn,M
Charles,M
Lee,M
Ronald,M
Mathew,M
Sean,M
Jose,M
Thomas,M
Trevor,M
Derrick,M
Mark,M
Harold,M
Franklin,M
John,M
John,M
Leroy,M
Michael,M
Joseph,M
Cecil,M
Seth,M
Peter,M
Thomas,M
Wayne,M
Ronald,M
Albert,M
Alan,M
Jesse,M
Donald,M
Tony,M
Junior,M
Mitchell,M
Glenn,M
Tommy,M
Devin,M
Manuel,M
Christian,M
Richard,M
Jason,M
Jason,M
Rodney,M
Jim,M
Jeffrey,M
Jerald,M
Charles,M
Lynn,M
Alex,M
Tyler,M
Luther,M
Jonathan,M
Troy,M
Harold,M
Darryl,M
Mark,M
Freddie,M
Judson,M
Timothy,M
Alfred,M
Clifford,M
Chris,M
Dennis,M
George,M
Jeffrey,M
John,M
Sean,M
James,M
George,M
Donald,M
Marc,M
Rex,M
Dominic,M
Mathew,M
Ronald,M
Monroe,M
Jeremy,M
John,M
John,M
Sidney,M
Wesley,M
William,M
Johnny,M
Gary,M
Jimmie,M
John,M
Ricardo,M
Kyle,M
Stuart,M
Kevin,M
Joseph,M
James,M
Lester,M
Ira,M
Richard,M
John,M
Christopher,M
Barry,M
Thomas,M
Michael,M
Zachariah,M
Aaron,M
Carmen,M
Albert,M
James,M
Domingo,M
Larry,M
John,M
James,M
Jason,M
Derek,M
Kevin,M
Garry,M
Duane,M
Eric,M
Julio,M
Dean,M
Alan,M
Richard,M
Paul,M
Frank,M
Micheal,M
Eugene,M
Kevin,M
Brian,M
Henry,M
Allen,M
Jerry,M
David,M
David,M
William,M
Daniel,M
Hector,M
Mike,M
Thomas,M
Frank,M
Charles,M
David,M
James,M
Sammy,M
Alejandro,M
Willie,M
Marshall,M
Stephen,M
John,M
Manuel,M
David,M
Santiago,M
Matthew,M
Erik,M
Douglas,M
Edward,M
Donald,M
Darrell,M
Nicholas,M
Donald,M
Daniel,M
Jerry,M
Dwayne,M
Corey,M
Scott,M
James,M
John,M
Stephen,M
Russell,M
Billy,M
William,M
James,M
Marvin,M
Howard,M
Joseph,M
Roberto,M
Edward,M
Matthew,M
Randall,M
Gary,M
Darren,M
Luther,M
Clyde,M
Bernard,M
James,M
Dwain,M
James,M
Roman,M
Woodrow,M
Anthony,M
George,M
Rickey,M
Brian,M
Brock,M
Benjamin,M
Franklin,M
Robert,M
David,M
Anthony,M
James,M
Barry,M
Paul,M
Stephen,M
John,M
Phillip,M
Dwayne,M
Mark,M
Charles,M
William,M
Jacques,M
Thomas,M
Juan,M
John,M
Micheal,M
Christian,M
Harry,M
Andrew,M
Michael,M
Brian,M
George,M
Dwight,M
Jerry,M
Shannon,M
Edward,M
Warren,M
Robert,M
Michael,M
Ricky,M
John,M
David,M
Jerry,M
Keith,M
Charles,M
Jonathan,M
Douglas,M
Thaddeus,M
Timothy,M
Stephen,M
William,M
Marlon,M
Charles,M
Jessie,M
John,M
Isaac,M
Austin,M
Keith,M
Lee,M
Lee,M
Gerald,M
William,M
David,M
John,M
Michael,M
Christopher,M
Scott,M
Jesus,M
Jeff,M
Hunter,M
Wayne,M
Juan,M
Brad,M
James,M
Keith,M
Michael,M
Michael,M
Wilbur,M
Charles,M
Jeffery,M
Terry,M
Scott,M
James,M
Michael,M
Larry,M
James,M
Arthur,M
Francis,M
Kenneth,M
Adrian,M
Jaime,M
Steven,M
Dale,M
Erick,M
Dewayne,M
Jesse,M
Chris,M
Sam,M
Anthony,M
James,M
Alberto,M
Eric,M
Sean,M
Craig,M
Steven,M
Michael,M
Angelo,M
Lewis,M
Fred,M
Adam,M
Jessie,M
Avery,M
David,M
John,M
William,M
Craig,M
Michael,M
Aubrey,M
Peter,M
James,M
Daniel,M
John,M
Freddie,M
Ryan,M
Timothy,M
Guy,M
Robert,M
Pasquale,M
Alexander,M
William,M
Michael,M
Don,M
Peter,M
Willie,M
Joseph,M
Daniel,M
Jorge,M
James,M
Scott,M
Robert,M
Sam,M
Austin,M
Carlos,M
Henry,M
Andrew,M
Christopher,M
Shawn,M
Christopher,M
Elwood,M
Walter,M
Harry,M
Mark,M
Larry,M
Dennis,M
William,M
Samuel,M
David,M
Micheal,M
James,M
Kim,M
Walter,M
Rafael,M
Henry,M
James,M
Christian,M
Ronald,M
Kevin,M
Edwin,M
Charles,M
Jonathan,M
Frederick,M
Robert,M
John,M
Lloyd,M
Scott,M
Jay,M
James,M
Mark,M
Donald,M
Jeff,M
Juan,M
Terry,M
Humberto,M
Ricardo,M
Steve,M
David,M
David,M
Daniel,M
Steve,M
Harvey,M
Arthur,M
David,M
Daniel,M
Michael,M
Johnny,M
James,M
George,M
Miguel,M
Shawn,M
Maurice,M
Michael,M
Frankie,M
Roberto,M
Jose,M
William,M
Oscar,M
Elliott,M
Robert,M
Andrew,M
Kenneth,M
Byron,M
Angel,M
Dustin,M
Samuel,M
Charles,M
Paul,M
Donald,M
Earl,M
Joseph,M
Mark,M
Ralph,M
Anthony,M
Dennis,M
Noble,M
Jake,M
Stephen,M
Charles,M
Davis,M
Michael,M
Theodore,M
Randall,M
Joshua,M
Rene,M
Jerry,M
Ryan,M
Michale,M
Darrel,M
Israel,M
Jared,M
Paul,M
Joshua,M
Daniel,M
Stacey,M
Elijah,M
Raymond,M
Daniel,M
William,M
Donald,M
Harry,M
Cameron,M
Terence,M
Gilbert,M
Christopher,M
Archie,M
Rodney,M
James,M
Johnny,M
Raymond,M
Wm,M
Warren,M
Clifford,M
James,M
James,M
William,M
Douglas,M
James,M
William,M
William,M
Kenneth,M
Darryl,M
Donnie,M
Steven,M
Steve,M
Chauncey,M
Edgar,M
Jonathan,M
Gary,M
Tommy,M
Donald,M
Scott,M
John,M
Jose,M
Joseph,M
Donald,M
David,M
Jose,M
Xavier,M
Michael,M
William,M
Ronald,M
Norman,M
Gregory,M
Bryan,M
Steven,M
Theodore,M
Larry,M
Paul,M
Jeff,M
Ken,M
Gary,M
James,M
Keith,M
Roy,M
Ramon,M
Albert,M
James,M
Michael,M
Elton,M
Brian,M
William,M
Shawn,M
Adam,M
Robert,M
Michael,M
John,M
Timothy,M
Billy,M
Randy,M
Eric,M
Laurence,M
Michael,M
Mathew,M
Steve,M
Arthur,M
Glenn,M
Jerome,M
John,M
Virgil,M
Michael,M
Michael,M
Joshua,M
Michael,M
Kevin,M
John,M
Jimmy,M
Jason,M
Norman,M
Richard,M
Tim,M
Arturo,M
Morris,M
David,M
Robert,M
Samuel,M
Norman,M
Tim,M
Brian,M
Charles,M
Timothy,M
Michael,M
Eric,M
James,M
Daniel,M
Steven,M
Charles,M
Andrew,M
Daniel,M
Larry,M
Brian,M
Matthew,M
Kenneth,M
Charles,M
Robert,M
Justin,M
Bobby,M
Christopher,M
Robert,M
Zachary,M
Vincent,M
Joseph,M
Clemente,M
Michael,M
Oscar,M
Oliver,M
Pablo,M
Rex,M
Ambrose,M
Joe,M
Shawn,M
Michael,M
Charles,M
Peter,M
Jason,M
Alvin,M
Matthew,M
Joseph,M
Frank,M
Christopher,M
Henry,M
David,M
Matthew,M
Adam,M
Howard,M
Lewis,M
James,M
Ernest,M
Elmer,M
Lawrence,M
Edward,M
Tyrone,M
Jamie,M
Steven,M
Wilbur,M
Curtis,M
Jeff,M
David,M
Mike,M
Hal,M
Gerald,M
Allen,M
William,M
Milford,M
Gerald,M
Daniel,M
James,M
Lawrence,M
Ricky,M
Andres,M
James,M
William,M
Don,M
Oswaldo,M
Keith,M
Daryl,M
David,M
Michael,M
William,M
Wilson,M
Gabriel,M
Calvin,M
Joe,M
William,M
John,M
Clifford,M
Nicholas,M
Eric,M
Michael,M
Daniel,M
Shawn,M
Richard,M
William,M
Nicholas,M
Carl,M
Christopher,M
John,M
Michael,M
Eddie,M
Mark,M
James,M
David,M
Alejandro,M
Jeffery,M
Christopher,M
James,M
Christopher,M
Neil,M
Thomas,M
Errol,M
Rick,M
David,M
Carmelo,M
Herbert,M
Robert,M
Wayne,M
Mario,M
Eugene,M
Steven,M
Alex,M
David,M
John,M
George,M
Mary,M
Chris,M
Brian,M
Willard,M
Arthur,M
Wilbert,M
Wayne,M
James,M
Tom,M
Clarence,M
Juan,M
Jerry,M
David,M
Thomas,M
William,M
Charles,M
William,M
Johnny,M
Lewis,M
Anthony,M
Chung,M
Leonardo,M
Rick,M
Henry,M
David,M
Frank,M
Alberto,M
Luis,M
Juan,M
James,M
Don,M
Donald,M
David,M
Anthony,M
Larry,M
Andrew,M
Francis,M
Adrian,M
William,M
Keith,M
Patrick,M
Robert,M
George,M
Jeff,M
Thomas,M
Philip,M
Nathan,M
Archie,M
Luke,M
Richard,M
Kevin,M
Howard,M
Curtis,M
Lloyd,M
Jason,M
Gregory,M
Paul,M
Donald,M
Rodrick,M
Jason,M
George,M
Ryan,M
Nathan,M
Brandon,M
James,M
Carlos,M
Willie,M
Jay,M
Alfonso,M
Edwin,M
Bill,M
Darren,M
Phillip,M
Bryan,M
Lester,M
Bill,M
Philip,M
John,M
William,M
Raymond,M
Rueben,M
Robert,M
Fred,M
Randy,M
James,M
Brian,M
Mike,M
Russell,M
Victor,M
George,M
Rickie,M
Andrew,M
Gregory,M
Henry,M
Fernando,M
Albert,M
Thomas,M
Michael,M
Scott,M
Peter,M
Raymond,M
Christopher,M
Earl,M
Jonathan,M
Raymond,M
Joseph,M
James,M
Larry,M
William,M
Joseph,M
Blaine,M
Raymond,M
David,M
Norman,M
Jimmy,M
Anthony,M
Leonard,M
Jeffery,M
Greg,M
Greg,M
Charlie,M
Phillip,M
Jose,M
Luis,M
Erik,M
Elmer,M
Gregory,M
Merle,M
Walter,M
Jose,M
Roger,M
Dennis,M
Thomas,M
Frank,M
Richard,M
Kyle,M
Robert,M
Bernard,M
Martin,M
Ezekiel,M
David,M
Tim,M
Scott,M
Harold,M
Brandon,M
Erwin,M
Kelvin,M
William,M
James,M
George,M
Zachary,M
Benjamin,M
Charles,M
Thomas,M
Jon,M
Chris,M
Justin,M
Carl,M
Stephen,M
Ron,M
William,M
Tyler,M
Brian,M
Don,M
Andrew,M
Rafael,M
Nathaniel,M
Stephen,M
George,M
Carlos,M
Marvin,M
Fredric,M
James,M
Christopher,M
Thomas,M
Joseph,M
Kenneth,M
Hector,M
Christopher,M
John,M
William,M
Michael,M
Jayson,M
Gregory,M
Lynn,M
Raymond,M
Milton,M
Jonathan,M
Michael,M
Robert,M
John,M
Keith,M
Clifford,M
Keith,M
Larry,M
Sean,M
Boyce,M
Michael,M
Patrick,M
David,M
Jon,M
Mark,M
James,M
Jason,M
David,M
Ronald,M
Robert,M
Ricardo,M
Floyd,M
Peter,M
Roy,M
Perry,M
Kyle,M
Glenn,M
Freddie,M
Derrick,M
Marc,M
Eric,M
Daniel,M
George,M
Walter,M
Larry,M
Brian,M
Sammy,M
Kennith,M
John,M
Louis,M
Paul,M
James,M
John,M
Andrew,M
James,M
Robert,M
Leonard,M
Peter,M
Corey,M
Jeremiah,M
William,M
Sean,M
Earl,M
Vernon,M
Joseph,M
Michael,M
George,M
Michael,M
William,M
David,M
Leonard,M
Harold,M
Antonio,M
Bernard,M
Larry,M
Chuck,M
Oswaldo,M
Jeffrey,M
Kasey,M
Scott,M
Robert,M
Thomas,M
Drew,M
Emile,M
Harley,M
Jeffrey,M
Robert,M
Larry,M
Brian,M
James,M
Charles,M
Curtis,M
Donald,M
Sean,M
Devin,M
Terry,M
Joshua,M
Fred,M
Rudolph,M
John,M
John,M
Brendan,M
Bernard,M
Clinton,M
Brett,M
Edward,M
Matthew,M
Leo,M
Gary,M
Steven,M
Jacob,M
Kurt,M
Patrick,M
Justin,M
Robert,M
Lee,M
James,M
Henry,M
William,M
Frederick,M
Angel,M
John,M
George,M
Jason,M
Jose,M
Scott,M
Raymond,M
Isaias,M
Christopher,M
Roger,M
Joseph,M
Abraham,M
Jason,M
Bruce,M
Donald,M
Walter,M
Gregory,M
Douglas,M
Gerald,M
John,M
Karl,M
Christopher,M
Franklin,M
Grady,M
William,M
Brett,M
Kerry,M
John,M
Billie,M
John,M
Michael,M
Cliff,M
Jaime,M
James,M
Herbert,M
Donald,M
William,M
Albert,M
Benjamin,M
Steve,M
Michael,M
Nelson,M
Arthur,M
Terry,M
Adam,M
Bobby,M
John,M
Kevin,M
Walter,M
Cedric,M
Vaughn,M
James,M
Ronald,M
Juan,M
William,M
Jonathan,M
Brian,M
William,M
Richard,M
Craig,M
Theodore,M
Michael,M
Gerardo,M
Larry,M
Scott,M
Mark,M
Vincent,M
Richard,M
James,M
Ronald,M
David,M
Robert,M
Leslie,M
Hugh,M
Kevin,M
Jay,M
Joshua,M
Dewey,M
Norman,M
David,M
Scott,M
Jerome,M
Manuel,M
Christopher,M
John,M
Marlin,M
Kent,M
Robert,M
Richard,M
Gary,M
Allan,M
Paul,M
Gregory,M
Robert,M
Billie,M
Ron,M
Roger,M
Angel,M
Jason,M
Nathaniel,M
Carlos,M
Rickey,M
Leonard,M
Martin,M
Barry,M
James,M
Jason,M
Melvin,M
Kent,M
Robert,M
William,M
Daniel,M
Gene,M
John,M
Daniel,M
James,M
Kerry,M
Ray,M
Joseph,M
Robert,M
Robert,M
Norman,M
Johnathon,M
Joseph,M
Michael,M
William,M
Gary,M
Joseph,M
Edward,M
Francisco,M
Benjamin,M
Ben,M
Dustin,M
Steven,M
Earl,M
David,M
John,M
Jesse,M
William,M
Timothy,M
Phillip,M
Brian,M
Eric,M
Ramon,M
Darrell,M
Gregory,M
Oliver,M
Alphonse,M
Willard,M
John,M
Kurt,M
Daron,M
Mark,M
Robert,M
Vincent,M
Jose,M
Edward,M
Timothy,M
Nathan,M
Lewis,M
Teddy,M
Victor,M
Joseph,M
Jon,M
Louis,M
Frank,M
Wade,M
Freddie,M
Robert,M
Brant,M
Stuart,M
Andrew,M
Donald,M
James,M
Lonnie,M
Darin,M
David,M
Daniel,M
Tyler,M
Anthony,M
Roland,M
Robert,M
James,M
Rene,M
Aaron,M
Ian,M
Jose,M
David,M
Van,M
Hayden,M
Charles,M
Buddy,M
Melvin,M
Micheal,M
Jesse,M
Richard,M
Edward,M
Thomas,M
Derek,M
Anthony,M
Danny,M
John,M
Derick,M
Lynn,M
Andres,M
Steven,M
David,M
Edmund,M
Stacy,M
Troy,M
Harold,M
Morton,M
Richard,M
Leonard,M
Leo,M
Robert,M
David,M
Ronald,M
Roger,M
Anthony,M
James,M
Michael,M
Guadalupe,M
Carlos,M
Robert,M
Michael,M
John,M
Normand,M
Nathan,M
Ted,M
Mark,M
William,M
Ray,M
Jack,M
Tommy,M
Orville,M
Joel,M
Taylor,M
Kenneth,M
Jose,M
Ian,M
Richard,M
Jeffrey,M
Bradley,M
Bobby,M
John,M
Stephen,M
Philip,M
Robert,M
Garrett,M
David,M
Raymond,M
Jan,M
Clarence,M
Gordon,M
Evan,M
Kenneth,M
George,M
Robert,M
Joshua,M
Bradly,M
Matthew,M
Ronald,M
Floyd,M
Marty,M
Michael,M
Gabriel,M
Tom,M
Daniel,M
Roderick,M
Charles,M
James,M
Harry,M
Hubert,M
Loyd,M
Daniel,M
Craig,M
Ray,M
Humberto,M
Michael,M
Daniel,M
Dale,M
Robert,M
Scott,M
Donald,M
Matthew,M
Jason,M
Jeremiah,M
Billy,M
Michael,M
Terry,M
Paul,M
Richard,M
David,M
Robert,M
Corey,M
Angelo,M
Victor,M
Frank,M
Warren,M
David,M
Chester,M
Christopher,M
Pete,M
Roy,M
Denver,M
Tom,M
Paul,M
Domingo,M
Robert,M
Daniel,M
Kenneth,M
Robert,M
Josh,M
Donald,M
Mark,M
Robert,M
Javier,M
Gary,M
Christopher,M
Darnell,M
Steve,M
Everett,M
Benny,M
Donny,M
Matt,M
Jerry,M
Pete,M
Joshua,M
James,M
Rafael,M
Steven,M
Jeff,M
Robert,M
Jerry,M
John,M
Brian,M
Ronald,M
Daniel,M
Winfred,M
Dale,M
Gary,M
George,M
Howard,M
Kurtis,M
David,M
Charles,M
Herbert,M
Gregory,M
Charles,M
Daniel,M
Glenn,M
Duane,M
Michale,M
Jason,M
John,M
Christian,M
James,M
David,M
Raymond,M
Jason,M
Adam,M
Peter,M
Thomas,M
Larry,M
Robert,M
Larry,M
Arnold,M
Normand,M
Michael,M
Michael,M
Jonathan,M
Desmond,M
Robert,M
Danny,M
James,M
Bruce,M
Roger,M
John,M
Jay,M
Brian,M
Ronald,M
Hubert,M
Jim,M
Forrest,M
Gregory,M
Anthony,M
Neil,M
Miles,M
Leo,M
Ruben,M
Carlos,M
Randy,M
Stephen,M
Ronald,M
Elias,M
Orval,M
Raymond,M
Randall,M
Kenneth,M
Joseph,M
Edward,M
Anthony,M
Christopher,M
Matthew,M
Michael,M
Franklin,M
Billy,M
Brett,M
Kip,M
Thomas,M
David,M
William,M
Russell,M
Eric,M
Donald,M
Brian,M
Scott,M
Donald,M
David,M
Edward,M
Scott,M
Rafael,M
Brian,M
Bradley,M
James,M
Russell,M
Scott,M
Steven,M
Roy,M
Gerald,M
Jeffrey,M
Robert,M
George,M
Andrew,M
Ralph,M
Mark,M
Reginald,M
Ronald,M
Richard,M
Scott,M
Christopher,M
Sylvester,M
Wayne,M
Thomas,M
Johnny,M
Glenn,M
Jack,M
Jay,M
Willard,M
Bobby,M
Stanley,M
John,M
Cristopher,M
Charles,M
Kevin,M
Shawn,M
Pedro,M
Samuel,M
Allen,M
Max,M
Kevin,M
Carlo,M
Zachary,M
Christopher,M
Paul,M
Philip,M
Randall,M
Eric,M
David,M
Bobby,M
Ralph,M
Ralph,M
William,M
James,M
Francis,M
Stephan,M
Kevin,M
Norman,M
Justin,M
Orlando,M
Chris,M
Kenneth,M
Thomas,M
Larry,M
Rudy,M
Bernard,M
Arnold,M
James,M
Todd,M
Joseph,M
Eddie,M
John,M
Brian,M
John,M
Ronald,M
Charles,M
Willie,M
Jonathan,M
Timothy,M
Wayne,M
Felipe,M
Robin,M
Matthew,M
Edward,M
Adam,M
George,M
Hector,M
Freddie,M
Charles,M
David,M
Bernard,M
Billy,M
Blake,M
Larry,M
Gerardo,M
Barry,M
Chris,M
Chris,M
Bobby,M
John,M
Bernard,M
Robert,M
James,M
Fred,M
David,M
Mathew,M
Mario,M
Terry,M
Michael,M
Roger,M
Franklin,M
Wayne,M
Wm,M
Ryan,M
John,M
Gale,M
Jason,M
Paul,M
Joseph,M
Timothy,M
Lamar,M
Gary,M
Jerry,M
William,M
Jason,M
Robert,M
William,M
Brian,M
Arnold,M
Chad,M
Marlin,M
Wayne,M
Raymond,M
Richard,M
Michael,M
Matthew,M
Hans,M
Thomas,M
George,M
Anthony,M
Rosario,M
John,M
Brian,M
Brandon,M
Christopher,M
Hector,M
Seymour,M
Timothy,M
Jospeh,M
David,M
Louis,M
Alfred,M
Malcolm,M
Edwin,M
Omar,M
Ricardo,M
Raymond,M
Karl,M
Edwin,M
Jamie,M
Harry,M
Ryan,M
Philip,M
Charles,M
Edward,M
Douglas,M
Michael,M
James,M
Darrell,M
Blake,M
Sang,M
Willie,M
John,M
Terry,M
Aaron,M
John,M
Virgil,M
Leroy,M
Robert,M
Damien,M
Bernard,M
Joseph,M
William,M
Jeff,M
John,M
Ken,M
Tony,M
Bryan,M
Omar,M
Samuel,M
Donald,M
Max,M
Jerry,M
Edward,M
Larry,M
Jimmy,M
Ronald,M
John,M
Larry,M
William,M
David,M
Jonathan,M
Jonathan,M
Nathaniel,M
Travis,M
Charles,M
Daniel,M
Joseph,M
Larry,M
Mark,M
Alex,M
Jesus,M
Luis,M
Jude,M
Willie,M
Salvador,M
William,M
Gerard,M
Robert,M
David,M
Andrew,M
Robert,M
James,M
James,M
Richard,M
Michael,M
Eliseo,M
Karl,M
Brendon,M
Claude,M
Adam,M
Joseph,M
Greg,M
Paul,M
Samuel,M
Irving,M
Jerry,M
Brian,M
Robert,M
James,M
Jose,M
Juan,M
Ray,M
Ian,M
Ernest,M
Gary,M
William,M
Dwayne,M
John,M
Geraldo,M
Gary,M
Matthew,M
Robert,M
Leslie,M
David,M
Daniel,M
Scott,M
Joel,M
Thomas,M
Justin,M
Michael,M
Alexander,M
Paul,M
Michael,M
Jose,M
Charles,M
Frank,M
Michael,M
Alvin,M
Thomas,M
Damon,M
James,M
Brent,M
Eddie,M
Jacob,M
Robert,M
Frank,M
Keith,M
William,M
James,M
James,M
Larry,M
Nicolas,M
Oliver,M
Frederic,M
John,M
Ralph,M
Shelton,M
Pedro,M
Lowell,M
Leonard,M
Steven,M
Jack,M
Paul,M
Jeffrey,M
Ray,M
Nathaniel,M
Raymond,M
Winston,M
Chester,M
Thomas,M
Marcus,M
Daniel,M
Richard,M
Douglas,M
Eli,M
Mark,M
Gerald,M
Lance,M
Jeffrey,M
Terrell,M
James,M
William,M
Micheal,M
Richard,M
Barry,M
Thomas,M
Jeffrey,M
Anthony,M
James,M
Eric,M
Randall,M
Robert,M
Robert,M
Michael,M
David,M
George,M
Wendell,M
Thomas,M
Theodore,M
Russell,M
Christopher,M
Juan,M
Boyd,M
Robert,M
James,M
Richard,M
Wilfred,M
Bennie,M
David,M
Samuel,M
Kevin,M
Andre,M
Ralph,M
Lyle,M
John,M
William,M
Jerry,M
George,M
Todd,M
Vernon,M
Russell,M
Wayne,M
Robert,M
Matt,M
Donald,M
Randy,M
Raymond,M
Edward,M
Alan,M
Christopher,M
Floyd,M
Charles,M
Alvin,M
Howard,M
Robt,M
Enrique,M
Terrell,M
Charles,M
Steven,M
Jeffrey,M
Richard,M
Manuel,M
Paul,M
Steven,M
Thomas,M
Peter,M
Barry,M
Homer,M
Kenneth,M
Derek,M
Nathan,M
Ralph,M
John,M
Anthony,M
Travis,M
Carroll,M
James,M
John,M
Gregory,M
Edward,M
Christopher,M
Paul,M
Douglas,M
Louis,M
Odis,M
Craig,M
Charles,M
Sherwood,M
Jayson,M
Richard,M
Reginald,M
Kelly,M
Phillip,M
Jack,M
Peter,M
Gregory,M
Kevin,M
Lawrence,M
Roger,M
Lee,M
John,M
Woodrow,M
Harold,M
Kenneth,M
Larry,M
Howard,M
John,M
Willie,M
Darrell,M
Julio,M
Bruce,M
Michael,M
Daryl,M
Luis,M
Glenn,M
Mark,M
Michael,M
John,M
Richard,M
Hobert,M
Ronald,M
Milton,M
Robert,M
James,M
Glen,M
Karl,M
Alexander,M
Michael,M
Stanley,M
Daniel,M
Michael,M
Jose,M
William,M
Ken,M
Troy,M
Nestor,M
Kevin,M
Jacob,M
Daniel,M
David,M
Richard,M
Ken,M
Allen,M
Willard,M
William,M
Garrett,M
Cesar,M
Jim,M
Randy,M
Carlos,M
Glenn,M
Danny,M
Rolando,M
Eric,M
James,M
Richard,M
Douglas,M
Frank,M
Christopher,M
Marcos,M
James,M
Ronald,M
William,M
Steven,M
Thomas,M
Eric,M
Carlos,M
James,M
Kyle,M
Neal,M
Billy,M
Benjamin,M
Brian,M
Bryon,M
John,M
Michael,M
Shawn,M
Randall,M
Brandon,M
Jonathon,M
Cody,M
David,M
John,M
Don,M
Herbert,M
Ronald,M
Charles,M
Cameron,M
Noble,M
Sean,M
Karl,M
Samuel,M
Jonathan,M
Robert,M
David,M
Jonathan,M
Kevin,M
Jerry,M
Allen,M
Keith,M
George,M
Charles,M
George,M
William,M
Michael,M
Timothy,M
Charles,M
Daniel,M
John,M
Michael,M
Evan,M
Thomas,M
Gregory,M
Len,M
Sean,M
John,M
Gary,M
Charles,M
James,M
Glenn,M
Reed,M
Douglas,M
Angel,M
Anthony,M
Brad,M
Mathew,M
Frank,M
Vincent,M
Marco,M
Juan,M
William,M
Kevin,M
Joseph,M
John,M
Thomas,M
Jesse,M
Willie,M
Barry,M
William,M
Robert,M
Jordan,M
Kenneth,M
Danny,M
George,M
Ryan,M
Kenneth,M
Dennis,M
Martin,M
Juan,M
Danny,M
Alan,M
Patrick,M
Jerry,M
Alan,M
Nathaniel,M
Thomas,M
Jimmy,M
Gary,M
Brent,M
Glen,M
Francis,M
John,M
William,M
Kurt,M
Terrance,M
Joseph,M
John,M
Arnold,M
John,M
Allan,M
Joseph,M
Robert,M
Kevin,M
Bradley,M
Terry,M
Samuel,M
Eric,M
Mac,M
James,M
James,M
Randall,M
Donald,M
Matthew,M
Marvin,M
Bruce,M
Samuel,M
Steve,M
John,M
Carl,M
Darren,M
Kelly,M
Diego,M
Shane,M
Jeremiah,M
Jerry,M
James,M
Albert,M
Adam,M
Glen,M
Mark,M
Frederick,M
Jeffrey,M
John,M
Jason,M
Robert,M
Juan,M
Donald,M
Michael,M
Joseph,M
James,M
Ira,M
Joseph,M
Antonio,M
Lawrence,M
Samuel,M
Howard,M
Dean,M
Ricardo,M
Jerry,M
Ralph,M
William,M
Brian,M
Lloyd,M
Earl,M
Carlos,M
Dan,M
Brian,M
Rick,M
Robert,M
Arthur,M
Elliott,M
Dave,M
James,M
Miguel,M
Jerome,M
Dan,M
Warren,M
Theodore,M
Robert,M
Larry,M
Jeffrey,M
Arthur,M
Cody,M
Cesar,M
David,M
James,M
Vernon,M
Lester,M
Orlando,M
Derek,M
William,M
Anthony,M
Ronald,M
Christopher,M
Francisco,M
Joshua,M
Albert,M
Joe,M
Robert,M
Russell,M
Steve,M
Harris,M
John,M
Randall,M
Roger,M
William,M
Carl,M
Theodore,M
Timothy,M
Benjamin,M
Rick,M
Kevin,M
Lee,M
Jeffrey,M
Anthony,M
Justin,M
Andy,M
Daniel,M
Dennis,M
Marcus,M
Milton,M
Daniel,M
David,M
Earl,M
Carl,M
Bennie,M
Jeremy,M
Edward,M
Thomas,M
James,M
Son,M
Gary,M
Edwin,M
Fred,M
Marvin,M
Chad,M
Dalton,M
David,M
Deon,M
Mark,M
Peter,M
Robert,M
Joe,M
Henry,M
Eugene,M
Wallace,M
Wade,M
Chad,M
Terrence,M
Ruben,M
Michael,M
Reginald,M
Robert,M
Donald,M
Jose,M
Hector,M
George,M
Ralph,M
Brian,M
Willie,M
Henry,M
Thomas,M
Jack,M
Jarrod,M
Kevin,M
Whitney,M
Robert,M
Bradley,M
Richard,M
Jaime,M
Jorge,M
David,M
Ronald,M
Keith,M
Francis,M
George,M
Jesus,M
Daniel,M
Ernie,M
Douglas,M
Michael,M
Donald,M
Jack,M
Kerry,M
James,M
William,M
Daniel,M
Steven,M
Rodney,M
Jerry,M
Randy,M
Bruce,M
Dan,M
Kenneth,M
Sylvester,M
Jerry,M
Ray,M
Kyle,M
Samuel,M
Troy,M
Michael,M
Frank,M
William,M
Henry,M
Rufus,M
Terence,M
Jason,M
Vincent,M
Bryan,M
Jack,M
Jeffrey,M
James,M
Charles,M
Thomas,M
John,M
Daniel,M
Kim,M
Leroy,M
Robert,M
Thomas,M
William,M
Alan,M
Harold,M
Anthony,M
David,M
Roger,M
John,M
William,M
Willie,M
Tommie,M
Mark,M
Michael,M
Walter,M
Thomas,M
John,M
Brandon,M
Reynaldo,M
Willie,M
Victor,M
Willie,M
Joseph,M
Matthew,M
Samuel,M
Robert,M
Timothy,M
Jack,M
Brandon,M
Timothy,M
John,M
Jeffery,M
Scott,M
Louis,M
Robert,M
Howard,M
Matthew,M
James,M
Kent,M
Michael,M
Edwin,M
Timothy,M
Jim,M
Pete,M
Clarence,M
Michael,M
Joshua,M
Charles,M
Jeff,M
Wilbur,M
Martin,M
Gilbert,M
Rudy,M
James,M
Erik,M
Stephen,M
Clifford,M
John,M
Patrick,M
Christopher,M
Ian,M
Richard,M
John,M
Coy,M
Leon,M
Kevin,M
Jessie,M
Billy,M
Lee,M
Andres,M
Gerardo,M
John,M
John,M
Dominic,M
Bradley,M
Reed,M
Edwin,M
Gilbert,M
Charles,M
Danny,M
Raymond,M
Edward,M
Horace,M
Gary,M
Brian,M
Hector,M
Michael,M
Warren,M
George,M
Van,M
Robert,M
Paul,M
John,M
David,M
Manuel,M
Daniel,M
Andrew,M
David,M
Carlos,M
Patrick,M
Eddie,M
George,M
Craig,M
Daniel,M
Hal,M
Gary,M
Karl,M
Willie,M
Carroll,M
Victor,M
David,M
James,M
Joe,M
Victor,M
Richard,M
Monroe,M
Peter,M
Joesph,M
Clark,M
Timothy,M
Jeffrey,M
Roger,M
George,M
Paul,M
Randall,M
John,M
John,M
Alexander,M
Hal,M
Paul,M
Dennis,M
Richard,M
Jefferson,M
Richard,M
Eric,M
Zachary,M
Charles,M
Kevin,M
John,M
Jerrell,M
Frank,M
Robert,M
Ernest,M
Robert,M
Robert,M
Kevin,M
Paul,M
Joseph,M
John,M
James,M
John,M
Edward,M
Danny,M
Quentin,M
Francis,M
Keith,M
Renato,M
Harold,M
Herman,M
James,M
Blair,M
Stephen,M
Clifford,M
William,M
Ryan,M
Charles,M
Leo,M
Patrick,M
Alejandro,M
Kenneth,M
Jimmy,M
William,M
Levi,M
Rodrigo,M
Jason,M
Rick,M
Merle,M
Michael,M
Larry,M
August,M
Mauro,M
Gregory,M
Richard,M
Ken,M
John,M
Marion,M
Andre,M
Gary,M
Johnnie,M
Brandon,M
Elmo,M
Byron,M
Herb,M
Thomas,M
Kent,M
Chris,M
Sean,M
Raymond,M
Allan,M
Jose,M
Cecil,M
Curtis,M
Jerry,M
Marty,M
Louis,M
Lonnie,M
Richard,M
Richard,M
Gerald,M
Donald,M
William,M
Douglas,M
Harvey,M
Thomas,M
James,M
Raymond,M
Bobbie,M
Michael,M
Anibal,M
Alfred,M
John,M
Angel,M
Eric,M
Donald,M
Anthony,M
Glen,M
Donald,M
Donald,M
Theodore,M
John,M
Jessie,M
Robby,M
John,M
Frederick,M
Joseph,M
Malcolm,M
Jonathan,M
Raymond,M
Christopher,M
Kevin,M
Joe,M
Shane,M
Benjamin,M
George,M
Linwood,M
David,M
Robert,M
Orlando,M
Frederick,M
Jason,M
Luis,M
James,M
Darrin,M
Manuel,M
Richard,M
Clyde,M
Cruz,M
Ray,M
Aaron,M
John,M
Willard,M
Jerry,M
Jeffrey,M
John,M
Brian,M
Steve,M
Gary,M
John,M
Daniel,M
Maurice,M
Timothy,M
Alexander,M
Harold,M
Matthew,M
Jeffrey,M
Charlie,M
Carl,M
Eric,M
Martin,M
Charles,M
Richard,M
Timothy,M
Alexander,M
Joseph,M
John,M
Morris,M
Glen,M
Jesse,M
Lloyd,M
Kevin,M
Herbert,M
Matthew,M
Jack,M
Christopher,M
Thomas,M
Oscar,M
Joshua,M
Otto,M
Andres,M
Lee,M
Joel,M
Rich,M
Ronald,M
Samuel,M
Curt,M
Phillip,M
James,M
Ronald,M
Robert,M
John,M
Patrick,M
Fausto,M
James,M
Israel,M
Carl,M
Richard,M
William,M
Brian,M
Albert,M
Donald,M
David,M
Dennis,M
Hugh,M
John,M
Michael,M
James,M
Edward,M
Matthew,M
Paul,M
Rene,M
Jerry,M
Marco,M
Dane,M
Samuel,M
Frank,M
Ron,M
Matthew,M
Keith,M
Michael,M
Willard,M
Patrick,M
Leon,M
Richard,M
Paul,M
Sydney,M
Gayle,M
Eric,M
Frank,M
William,M
Bradford,M
Robert,M
Elmer,M
Douglas,M
John,M
Craig,M
Kevin,M
Rick,M
Samuel,M
Charles,M
Patrick,M
Clifton,M
Conrad,M
Mike,M
Norman,M
Horace,M
Robert,M
Buster,M
Craig,M
James,M
Harold,M
Dominic,M
Bret,M
Christopher,M
Willian,M
Kevin,M
Donald,M
John,M
Eduardo,M
Carlos,M
Mario,M
Nathaniel,M
Raymond,M
Joseph,M
Jeff,M
Milton,M
John,M
David,M
Michael,M
Rick,M
Matthew,M
Timothy,M
Richard,M
James,M
Larry,M
Robert,M
Curtis,M
Robert,M
Aaron,M
Isaias,M
Allan,M
Elton,M
John,M
Emery,M
Richard,M
Christopher,M
Earnest,M
Eugene,M
Fred,M
Brian,M
Luciano,M
James,M
David,M
Derek,M
Ricky,M
Justin,M
Paul,M
Prince,M
Elvin,M
Bryant,M
Matthew,M
Michael,M
George,M
Frank,M
Keith,M
Arthur,M
Kenneth,M
Abel,M
Jimmie,M
Ricky,M
David,M
Earl,M
Scott,M
Andrew,M
Ramon,M
Jeffrey,M
Larry,M
Russell,M
Gary,M
Jeremy,M
Joshua,M
Michael,M
Ricky,M
Robert,M
Fred,M
Michael,M
Paul,M
Jerome,M
Brian,M
Robert,M
Zachary,M
Donald,M
Luis,M
Patrick,M
Alex,M
Wayne,M
Grant,M
Micheal,M
Lionel,M
James,M
Corey,M
Gerald,M
Michael,M
Tony,M
Jose,M
Timothy,M
Russel,M
Nelson,M
Willard,M
Julio,M
Travis,M
William,M
Robert,M
Raleigh,M
John,M
Richard,M
Marty,M
Geoffrey,M
Frank,M
Roman,M
Donald,M
Jason,M
Walter,M
Antonio,M
Frank,M
Steven,M
Curtis,M
Anthony,M
Jorge,M
Raymond,M
Lawrence,M
David,M
Todd,M
Milton,M
Jeffrey,M
Mike,M
Harold,M
Larry,M
Jack,M
Wendell,M
Jim,M
Jimmy,M
Steven,M
Michael,M
Lee,M
James,M
Robert,M
Steven,M
Roger,M
Thomas,M
Gregory,M
Scott,M
Christopher,M
Robert,M
Lonnie,M
Ronald,M
James,M
Ernest,M
Adam,M
Jason,M
Isaac,M
Roy,M
Elmer,M
Robert,M
Charles,M
Gary,M
Donald,M
Howard,M
Frank,M
Paul,M
Christopher,M
Patrick,M
Alvin,M
Austin,M
Angel,M
Stuart,M
Derrick,M
Seth,M
Frank,M
James,M
Robert,M
Michael,M
Sidney,M
Luciano,M
Luis,M
Robert,M
Cory,M
Matthew,M
Alfredo,M
Jerome,M
William,M
Galen,M
Earl,M
Joseph,M
Edward,M
Robert,M
Robert,M
Michael,M
Matthew,M
Troy,M
Corey,M
Jackie,M
Courtney,M
Javier,M
Michael,M
Ryan,M
Eric,M
David,M
Keith,M
Junior,M
Carl,M
Robert,M
Andrew,M
Harold,M
Jeffrey,M
Jorge,M
Roger,M
Leon,M
Lyle,M
Terrence,M
John,M
Johnnie,M
Louis,M
James,M
Benjamin,M
Marvin,M
Lewis,M
Adam,M
Andre,M
Cletus,M
George,M
Wesley,M
Larry,M
Edwin,M
Kyle,M
Victor,M
Daniel,M
Hector,M
George,M
David,M
Hugh,M
Merlin,M
Steven,M
William,M
John,M
Daniel,M
James,M
Henry,M
Charles,M
Allen,M
James,M
Raymond,M
Robert,M
Edward,M
Robert,M
Mark,M
Larry,M
Arthur,M
Jerry,M
John,M
Joseph,M
Joseph,M
Jeremy,M
Paul,M
Robert,M
Kelly,M
Freddie,M
Keith,M
Derrick,M
Anthony,M
Richard,M
Andy,M
John,M
Nathaniel,M
Jose,M
Michael,M
Sherman,M
Thomas,M
Gerald,M
Lacy,M
Raul,M
Noe,M
Brian,M
Eugene,M
Rodney,M
Gary,M
Chas,M
Eugene,M
Neil,M
Charles,M
Todd,M
Jerry,M
Calvin,M
Johnny,M
Richard,M
Kirk,M
Roland,M
Christopher,M
Kenny,M
Jason,M
Juan,M
John,M
Gregory,M
Frank,M
Thomas,M
Robert,M
Bradley,M
Lewis,M
Patrick,M
Joshua,M
Kenneth,M
Michael,M
Tracy,M
Charles,M
David,M
Stephen,M
Robert,M
Marlon,M
Stephen,M
Jason,M
Frank,M
Antonio,M
Fred,M
Norman,M
Tom,M
Kelly,M
Eric,M
David,M
Rodney,M
Roberto,M
Jonathan,M
Henry,M
Gerald,M
Jose,M
John,M
Paul,M
Manuel,M
Richard,M
Guillermo,M
Gerald,M
Ronald,M
Timothy,M
Jeffery,M
Gregory,M
Christopher,M
Timmy,M
Clayton,M
Todd,M
Michael,M
Fernando,M
Chester,M
Steven,M
Matthew,M
Michael,M
Paul,M
Lawrence,M
Daniel,M
Randall,M
Alton,M
James,M
Dennis,M
Raymond,M
Clay,M
Rodney,M
John,M
Michael,M
Ricky,M
James,M
Milton,M
Robert,M
David,M
William,M
Allan,M
Nicholas,M
Gregory,M
Steven,M
John,M
Billy,M
Clifford,M
Gaston,M
James,M
Ramon,M
Timothy,M
Joseph,M
Anthony,M
Mario,M
Bobby,M
Derek,M
Timothy,M
William,M
Donald,M
Stephan,M
Jeffrey,M
John,M
Daniel,M
Ben,M
Joseph,M
Brent,M
Joseph,M
Bruce,M
Sam,M
Bradley,M
Bertram,M
James,M
Christopher,M
Clyde,M
James,M
Glenn,M
John,M
Clifton,M
Anthony,M
Clay,M
James,M
Joshua,M
Dennis,M
Kent,M
Gerald,M
Scott,M
Paul,M
Eric,M
Van,M
Peter,M
James,M
Roger,M
Dallas,M
Esteban,M
Jose,M
Paul,M
Donald,M
Tom,M
Roberto,M
Matthew,M
Kim,M
Robert,M
Travis,M
Phillip,M
William,M
Jack,M
William,M
Ernest,M
Kenneth,M
Jerry,M
Kenneth,M
Andrew,M
David,M
Joseph,M
Christopher,M
Martin,M
Anthony,M
Mario,M
Ronald,M
Stephen,M
Leslie,M
Kenneth,M
Troy,M
Robert,M
Michael,M
Curtis,M
Doyle,M
James,M
Aaron,M
Arturo,M
Raymond,M
Thomas,M
Willie,M
Charles,M
Clifford,M
Micheal,M
Leon,M
Robert,M
James,M
Randy,M
Charlie,M
Timothy,M
Robert,M
Robert,M
Donald,M
Bradley,M
Nathan,M
David,M
Floyd,M
Gonzalo,M
Manuel,M
Jesse,M
John,M
Nicholas,M
Jason,M
Joe,M
Daniel,M
Joseph,M
Walter,M
Charles,M
Kenneth,M
Daniel,M
Nicholas,M
David,M
John,M
Donald,M
John,M
Vernon,M
David,M
Bryan,M
Jake,M
Donald,M
Darrell,M
David,M
Barry,M
Edward,M
Ronald,M
Earnest,M
Gilbert,M
Bill,M
Michael,M
Donald,M
Bruce,M
Jeremy,M
Douglas,M
Brian,M
Richard,M
Eric,M
Gary,M
Joseph,M
John,M
Jonah,M
Jeffery,M
Robert,M
Cecil,M
Michael,M
Jose,M
Carl,M
Richard,M
Edward,M
Taylor,M
Christopher,M
Paul,M
John,M
Fredrick,M
Lee,M
Neil,M
Joseph,M
Jesse,M
Richard,M
Tim,M
Juan,M
Steven,M
Leslie,M
Andrew,M
Jose,M
Mario,M
William,M
Lacy,M
Christopher,M
Matthew,M
Willis,M
William,M
Roger,M
Lawrence,M
Christopher,M
Gregory,M
Brian,M
James,M
Johnnie,M
Ismael,M
Charles,M
Johnny,M
Theodore,M
David,M
Jose,M
William,M
Gene,M
Emilio,M
Brian,M
Frank,M
Warren,M
Cory,M
Louis,M
Andrew,M
Charles,M
Keith,M
Ralph,M
Angelo,M
Joseph,M
Daniel,M
Gus,M
Bobby,M
David,M
Steven,M
David,M
Steven,M
Darrell,M
Nicholas,M
Thomas,M
Donald,M
Antoine,M
William,M
Charles,M
Allan,M
Joshua,M
Anthony,M
Michael,M
John,M
Ian,M
Brett,M
Daniel,M
Michael,M
Wayne,M
Wallace,M
Luke,M
John,M
Ernest,M
Hugh,M
Alan,M
David,M
Saul,M
Andres,M
Lee,M
David,M
Kenneth,M
Patrick,M
William,M
Randy,M
Alan,M
Joseph,M
Christopher,M
Scott,M
Richard,M
Brian,M
Chi,M
Jeffery,M
Benjamin,M
Walter,M
Brian,M
Richard,M
Fred,M
Paul,M
Jeffrey,M
Thomas,M
Edmund,M
Bruce,M
Ramon,M
Wayne,M
Gregory,M
Richard,M
Matthew,M
Robert,M
Jay,M
Robert,M
James,M
Terrance,M
Ashley,M
Chad,M
William,M
Brian,M
Eric,M
Michael,M
Daniel,M
Richard,M
Edward,M
Jason,M
Stephen,M
Scott,M
Edward,M
Warren,M
Donny,M
David,M
George,M
David,M
James,M
Edward,M
Wesley,M
Elmer,M
Bernard,M
Dean,M
Ryan,M
Thomas,M
Robert,M
Moses,M
Rick,M
David,M
Jeffrey,M
John,M
Thomas,M
Blaine,M
Armando,M
Trinidad,M
Edward,M
Paul,M
Larry,M
Henry,M
Rolland,M
Wayne,M
Silas,M
George,M
Joseph,M
Brian,M
Frank,M
Eugene,M
Ben,M
Joshua,M
Chad,M
Ray,M
Mathew,M
Tim,M
Brandon,M
John,M
Lawrence,M
Carl,M
Brandon,M
Juan,M
Matthew,M
James,M
John,M
Timothy,M
Joseph,M
Abel,M
Willie,M
James,M
James,M
Jonathan,M
Joseph,M
Elias,M
Winston,M
Robert,M
Erik,M
Ronnie,M
Tom,M
Donald,M
Billie,M
Nicholas,M
Shane,M
Richard,M
Bob,M
Theodore,M
Calvin,M
Eugene,M
Edward,M
Dennis,M
Sean,M
Danny,M
Mark,M
Gary,M
Nathaniel,M
Archie,M
Dennis,M
Robert,M
Jason,M
Robert,M
Shane,M
James,M
Kenneth,M
Lester,M
Paul,M
Antonio,M
Robert,M
Mario,M
Daniel,M
Ryan,M
Gary,M
Jackson,M
John,M
Nicolas,M
Manuel,M
Scott,M
Orville,M
Hiram,M
Robert,M
Richard,M
Darren,M
Stanley,M
Frank,M
Ray,M
Micheal,M
Darren,M
Lee,M
Isidro,M
Richard,M
Christopher,M
Kenneth,M
Walter,M
Curtis,M
Kenneth,M
Randy,M
Michael,M
Craig,M
Hosea,M
Vaughn,M
John,M
David,M
Richard,M
Angel,M
David,M
Douglas,M
Kenneth,M
Jeffrey,M
Douglas,M
William,M
Charles,M
Craig,M
Louis,M
Edward,M
Frank,M
Dale,M
Julian,M
Eddie,M
James,M
Homer,M
Peter,M
Charles,M
Theodore,M
Frank,M
Tyler,M
Joseph,M
Jan,M
Peter,M
Leonard,M
Jesse,M
Marcus,M
Arthur,M
Howard,M
William,M
Donald,M
David,M
John,M
Harry,M
Ryan,M
Brian,M
Preston,M
Joel,M
Don,M
Kerry,M
Jon,M
John,M
Calvin,M
Stan,M
Kevin,M
David,M
Richard,M
Dustin,M
Joseph,M
Steven,M
Steven,M
Jack,M
Joseph,M
Carmen,M
Richard,M
Jose,M
Billy,M
Felix,M
John,M
Eric,M
Trey,M
Robert,M
Robert,M
Robert,M
Johnny,M
Robert,M
Joan,M
Paul,M
Victor,M
Andrew,M
David,M
Lawrence,M
Leo,M
Willie,M
Angel,M
Melvin,M
Andres,M
Robert,M
Adam,M
Myles,M
Ruben,M
Daniel,M
Angelo,M
Jonathan,M
Michael,M
James,M
Mark,M
Nolan,M
Clayton,M
Omar,M
Joseph,M
John,M
Leon,M
Todd,M
James,M
Perry,M
Guillermo,M
Leo,M
Stanley,M
Edward,M
Richard,M
Adam,M
William,M
Richard,M
Rigoberto,M
Charlie,M
Richard,M
Odell,M
Joseph,M
David,M
James,M
Stan,M
Raymond,M
Albert,M
Randy,M
Michael,M
Donald,M
Joshua,M
Scott,M
Kevin,M
Eddie,M
Donald,M
Miguel,M
Ira,M
Porter,M
Robert,M
Edward,M
Jonathan,M
Frank,M
Louis,M
James,M
Isaac,M
Clarence,M
Roger,M
Alan,M
Raymond,M
Steve,M
Gary,M
Kurtis,M
William,M
Ryan,M
Adam,M
Joseph,M
Raymond,M
Louis,M
Paul,M
Michael,M
John,M
Gregory,M
Kristopher,M
Courtney,M
Vincent,M
Lee,M
Arthur,M
Fred,M
Dewey,M
Richard,M
David,M
Thomas,M
Harold,M
Miguel,M
Anthony,M
Christopher,M
Richard,M
Dave,M
Frank,M
Jeff,M
Thomas,M
Edward,M
Christopher,M
Perry,M
Steven,M
Jonathan,M
Sean,M
Billy,M
Herman,M
Neil,M
John,M
Elmer,M
Gregory,M
Jose,M
John,M
Christopher,M
Terrance,M
John,M
Brian,M
Roy,M
Peter,M
Charles,M
Jesse,M
Joe,M
Jorge,M
Eric,M
Glenn,M
Jamie,M
Shaun,M
Sam,M
Lester,M
Darrell,M
Michael,M
Peter,M
Scott,M
Leonard,M
Francis,M
Floyd,M
Patrick,M
Danny,M
Terry,M
Mark,M
Robert,M
James,M
John,M
Dominic,M
John,M
Marvin,M
Terrance,M
Richard,M
Guadalupe,M
Michael,M
Christopher,M
Charles,M
Melvin,M
Warren,M
Lester,M
Keith,M
Edward,M
Mark,M
Willie,M
Jose,M
Craig,M
Keith,M
Christopher,M
Jonathan,M
Juan,M
Eddie,M
Mervin,M
John,M
Mike,M
Christopher,M
Salvador,M
Winfred,M
James,M
David,M
Don,M
Robert,M
David,M
Stephen,M
Mitchell,M
Kenneth,M
Douglas,M
Michael,M
Steven,M
Vincent,M
Robert,M
Christopher,M
Rosario,M
Kenneth,M
Keith,M
James,M
Michael,M
Jessie,M
Andrew,M
Harold,M
Arthur,M
Norbert,M
James,M
Bruce,M
Dennis,M
Richard,M
John,M
Christopher,M
James,M
Nathaniel,M
Charles,M
Allan,M
Kevin,M
Francis,M
Stephen,M
Jose,M
Robert,M
Daniel,M
Ronnie,M
Daniel,M
Clinton,M
Michael,M
Jimmy,M
Milton,M
Noah,M
Justin,M
Brian,M
Manuel,M
Eddie,M
Hunter,M
Ronald,M
Jeffrey,M
Michael,M
Scott,M
Scott,M
Eric,M
John,M
Tommie,M
Richard,M
Michael,M
Manuel,M
Joseph,M
Larry,M
Dustin,M
Matthew,M
Richard,M
Robert,M
Harold,M
David,M
Manuel,M
Albert,M
Charles,M
John,M
Eugene,M
Ignacio,M
David,M
Jacob,M
Michael,M
Thomas,M
Steven,M
Lewis,M
Michael,M
Todd,M
Stephen,M
Arthur,M
Michael,M
Leroy,M
David,M
Joseph,M
Daniel,M
George,M
Danny,M
Arthur,M
Roderick,M
Christopher,M
Stanley,M
Charlie,M
Jonathan,M
Andrew,M
Franklin,M
Herbert,M
Michael,M
Jesse,M
Joseph,M
Willard,M
Jose,M
David,M
Larry,M
Stephen,M
Keith,M
Raymond,M
Robert,M
Jim,M
Ronald,M
Ollie,M
Thomas,M
Brian,M
Perry,M
Ronald,M
Andrew,M
Jose,M
Lanny,M
Bruce,M
Jeffrey,M
Eugene,M
Roger,M
Emerson,M
George,M
Billy,M
Danny,M
James,M
Charles,M
William,M
Robert,M
Eldon,M
George,M
Albert,M
William,M
Richard,M
Travis,M
Moses,M
Michael,M
John,M
James,M
Karl,M
David,M
Calvin,M
Thomas,M
Steven,M
Jimmy,M
Carl,M
Johnny,M
Brian,M
Thomas,M
Truman,M
Brett,M
Calvin,M
Jerome,M
Robert,M
Gary,M
Robert,M
Elbert,M
Andrew,M
John,M
John,M
John,M
Mark,M
Shawn,M
David,M
Otto,M
Joe,M
Roosevelt,M
Ernest,M
Donald,M
Robert,M
Israel,M
Herbert,M
Irwin,M
Michael,M
Jesse,M
Donald,M
Harold,M
Jonathan,M
Manuel,M
George,M
Eugene,M
Terry,M
Kenneth,M
Brent,M
David,M
Thomas,M
Kevin,M
Claude,M
Dee,M
Earl,M
Timothy,M
Sammy,M
William,M
Santiago,M
Patrick,M
Andrew,M
Earle,M
John,M
Kelvin,M
Joel,M
Brian,M
John,M
Gregory,M
Arthur,M
Jose,M
Ray,M
Kenneth,M
Larry,M
Chad,M
Fletcher,M
Wesley,M
Sean,M
Rodolfo,M
Brady,M
Arthur,M
William,M
Larry,M
Roger,M
John,M
Marco,M
David,M
Mark,M
Jerry,M
Warren,M
William,M
Michael,M
Michael,M
Maurice,M
John,M
Eugene,M
Boyd,M
William,M
William,M
Kenneth,M
William,M
Mike,M
Bradley,M
Daniel,M
William,M
Terry,M
Leopoldo,M
Zachary,M
Terry,M
Jay,M
Brian,M
Vincent,M
Dale,M
Edward,M
Thomas,M
James,M
Ronald,M
Donald,M
Jack,M
Joseph,M
Ronald,M
Mark,M
Erik,M
Paul,M
John,M
Salvador,M
Clifton,M
David,M
Robert,M
Harvey,M
Michael,M
Fred,M
Donald,M
James,M
Don,M
John,M
Walter,M
Rickey,M
Kenneth,M
Ramon,M
Hiram,M
Steven,M
Darius,M
Paul,M
John,M
James,M
Roger,M
David,M
James,M
Dwayne,M
Arturo,M
Perry,M
Gerald,M
Ernest,M
Joseph,M
Salvador,M
Joseph,M
Demarcus,M
Harry,M
Andres,M
Robert,M
Michael,M
Robert,M
Forrest,M
Travis,M
Jonathan,M
Larry,M
Brian,M
Norman,M
Herbert,M
Jerry,M
Rick,M
Marvin,M
Jason,M
Robert,M
Ricky,M
Lee,M
Paul,M
Robert,M
Howard,M
Johnson,M
Dennis,M
Thomas,M
James,M
Joshua,M
Joseph,M
Michael,M
Randy,M
George,M
Paul,M
Arnold,M
Michael,M
Walter,M
Thomas,M
Michael,M
Bobby,M
Larry,M
William,M
Kenneth,M
Randy,M
Robert,M
Brandon,M
Willie,M
Jose,M
Kenneth,M
Erik,M
Walter,M
Jesus,M
Benjamin,M
Roy,M
Leonard,M
George,M
Charles,M
Dale,M
Walter,M
Frederick,M
Seymour,M
Jamie,M
Jose,M
Joseph,M
Albert,M
Harry,M
Francisco,M
John,M
Marvin,M
Jeffrey,M
Michael,M
John,M
Dustin,M
Olin,M
Kraig,M
Michael,M
Jack,M
Ahmad,M
Richard,M
Lester,M
Robert,M
Barry,M
George,M
Gilbert,M
Joseph,M
Daniel,M
Shane,M
Daniel,M
Alejandro,M
Douglas,M
Charles,M
Philip,M
Michael,M
Robert,M
Peter,M
Josh,M
Joe,M
Ronald,M
Edward,M
Darrell,M
Alfred,M
Ralph,M
Robert,M
Nathan,M
Joshua,M
Wayne,M
Rich,M
John,M
James,M
Jimmy,M
James,M
Jeffrey,M
Charles,M
Robert,M
Terry,M
Matt,M
Brandon,M
Jessie,M
Roy,M
Bob,M
Andrew,M
James,M
Peter,M
Kelly,M
Dan,M
Nathaniel,M
Graham,M
Herbert,M
Gregory,M
Seth,M
James,M
Charles,M
William,M
Kenneth,M
Paul,M
Dale,M
Jon,M
Stanley,M
Robert,M
Christopher,M
John,M
Stephen,M
James,M
Alfred,M
Paul,M
Darrell,M
Peter,M
Christopher,M
Malcolm,M
Joshua,M
Ronald,M
Richard,M
Jeff,M
Paul,M
Jerry,M
Joseph,M
George,M
Jimmy,M
Timothy,M
Carlton,M
Jeremy,M
David,M
Jeffrey,M
Darwin,M
Paul,M
Harry,M
Don,M
Douglas,M
Jack,M
Kevin,M
Roger,M
Kerry,M
Lee,M
Gerald,M
Freddy,M
Mark,M
Craig,M
Alex,M
Patrick,M
Brooks,M
Leroy,M
James,M
Frank,M
Jamison,M
Kyle,M
Scott,M
Ryan,M
Jim,M
Keith,M
Duane,M
Joseph,M
Wayne,M
Daniel,M
Henry,M
Christopher,M
Aaron,M
Dalton,M
Joseph,M
Steve,M
Paul,M
Paul,M
Herbert,M
David,M
Ralph,M
Samuel,M
Robert,M
Jeffrey,M
Gary,M
Robert,M
Marcellus,M
Rodney,M
James,M
Patrick,M
Derek,M
Patrick,M
Kendall,M
Edwin,M
Shane,M
Steve,M
Bruce,M
Julius,M
Robert,M
Kenneth,M
Dennis,M
Jeffrey,M
Christopher,M
Steven,M
Casey,M
David,M
Jeffrey,M
Carl,M
Peter,M
Jerome,M
Alfred,M
Larry,M
James,M
Bradley,M
Adan,M
Richard,M
William,M
Willie,M
Thomas,M
Lawrence,M
Charles,M
Lonnie,M
David,M
George,M
Jason,M
Christopher,M
James,M
Jason,M
Wendell,M
Kenneth,M
Alphonse,M
Keith,M
Kevin,M
Jerry,M
Darrell,M
Glenn,M
Ronald,M
Terry,M
David,M
Lawrence,M
Raymond,M
Richard,M
Ronald,M
James,M
Marcus,M
Byron,M
William,M
Robert,M
John,M
Jeffrey,M
William,M
John,M
Michael,M
Mark,M
Paul,M
Paul,M
Francisco,M
David,M
Patrick,M
Hubert,M
Jason,M
Cody,M
William,M
Shane,M
Jaime,M
David,M
Robbie,M
Stanley,M
Jaime,M
Daniel,M
David,M
Willie,M
Gerald,M
Geoffrey,M
Damon,M
Gary,M
Jerry,M
Bradley,M
Joe,M
Michael,M
Chad,M
Craig,M
Rene,M
Rob,M
Gregory,M
James,M
Donald,M
Carl,M
Joseph,M
John,M
Dave,M
Isiah,M
Adrian,M
Curtis,M
Ezekiel,M
Joshua,M
Douglass,M
August,M
Walter,M
Bo,M
William,M
Terry,M
Rafael,M
Jose,M
Brian,M
Thomas,M
Mark,M
Nathaniel,M
Walter,M
Steven,M
Van,M
Juan,M
Ron,M
Felix,M
Charles,M
Bradley,M
James,M
Edgar,M
Thomas,M
Cesar,M
David,M
Tommy,M
Paul,M
Oscar,M
Eduardo,M
Frank,M
John,M
Robert,M
Matthew,M
David,M
David,M
Eli,M
Martin,M
Mario,M
Frederick,M
Ryan,M
Norman,M
Donald,M
Terrence,M
Charles,M
Matthew,M
John,M
Michael,M
William,M
Steve,M
Augustus,M
Carl,M
Thomas,M
Edwin,M
Jonathan,M
Shannon,M
Robert,M
Russ,M
Roberto,M
Alan,M
Christopher,M
Mark,M
Fletcher,M
Juan,M
George,M
Chad,M
Michael,M
Thomas,M
James,M
Oren,M
Roy,M
Aaron,M
Scott,M
Joel,M
Steven,M
Simon,M
Todd,M
Raymond,M
Michael,M
Hubert,M
John,M
Joseph,M
Edwin,M
Anthony,M
Christopher,M
John,M
Ramon,M
Bryan,M
Paul,M
Byron,M
Troy,M
Danny,M
Jack,M
Jerome,M
Tim,M
William,M
Timothy,M
Todd,M
Jacob,M
Bret,M
Ray,M
Mark,M
William,M
Joe,M
Richard,M
John,M
Robert,M
Robert,M
Brian,M
Larry,M
Jorge,M
Samuel,M
James,M
Jeffrey,M
Carlos,M
David,M
Corey,M
Frank,M
Hugh,M
Lupe,M
Silas,M
Felix,M
John,M
John,M
Mark,M
Gerald,M
Robert,M
Philip,M
Joe,M
Billy,M
Kenneth,M
Robert,M
Chris,M
Walter,M
Karl,M
Omar,M
Eric,M
Billy,M
Francisco,M
Lawrence,M
Robert,M
Howard,M
Alfred,M
John,M
Devin,M
James,M
James,M
Garland,M
Gilbert,M
David,M
Charles,M
Mike,M
Gene,M
Albert,M
David,M
Harlan,M
George,M
Michael,M
James,M
Thomas,M
James,M
Richard,M
Oscar,M
Christopher,M
Theodore,M
Kevin,M
Charles,M
Dean,M
Corey,M
Jacob,M
Samuel,M
George,M
Larry,M
Charles,M
Victor,M
Millard,M
Ricardo,M
Otis,M
Claude,M
Billy,M
Robert,M
Trent,M
Thomas,M
Robert,M
William,M
Daniel,M
Elvis,M
Ronald,M
Richard,M
Jose,M
Anthony,M
Anthony,M
James,M
Frank,M
Judson,M
Donald,M
Norris,M
Justin,M
James,M
Jose,M
John,M
Troy,M
Matthew,M
David,M
Bryan,M
Anthony,M
Daniel,M
Randal,M
Bryan,M
Edwin,M
Roy,M
Brian,M
Robert,M
Peter,M
Jason,M
Darren,M
William,M
Thomas,M
David,M
John,M
Keith,M
Arron,M
William,M
Thomas,M
Nicholas,M
David,M
Raymond,M
Terry,M
Mark,M
George,M
James,M
Mark,M
Neil,M
Michael,M
Guy,M
George,M
Anthony,M
Daniel,M
Garry,M
Jeremy,M
Mark,M
Mike,M
David,M
Brian,M
Andrew,M
Steven,M
Douglas,M
John,M
Dan,M
Joshua,M
Everett,M
Gary,M
Michael,M
Frank,M
William,M
Joseph,M
Greg,M
John,M
Robert,M
James,M
Allan,M
Tom,M
Michael,M
Robert,M
Millard,M
Gerald,M
Thomas,M
Richard,M
Edward,M
Scott,M
Ralph,M
Robert,M
Edgar,M
Dean,M
Eddie,M
Cesar,M
Matthew,M
Lincoln,M
James,M
Thomas,M
James,M
Francisco,M
Joseph,M
Carlos,M
Ryan,M
James,M
James,M
Kenneth,M
Raymond,M
Michael,M
Matthew,M
Jonathan,M
Avery,M
Daryl,M
Abraham,M
Michael,M
Jeremy,M
Allen,M
Robert,M
Elias,M
Jeff,M
Paul,M
Robert,M
Aaron,M
Allen,M
Philip,M
Samuel,M
Bruce,M
Walter,M
Lyle,M
Franklin,M
Michael,M
Daniel,M
Robert,M
Leon,M
Michael,M
Jack,M
Charles,M
John,M
Justin,M
Jonathan,M
Charles,M
Tom,M
Zachary,M
Luis,M
Jose,M
Phil,M
Evan,M
Daniel,M
Chester,M
Bruce,M
Robert,M
Tomas,M
John,M
Jeffery,M
Johnny,M
Paul,M
Landon,M
Alex,M
Joseph,M
Gregory,M
Robert,M
Jason,M
Donald,M
Shane,M
Gerald,M
Andre,M
Ray,M
David,M
Nicholas,M
James,M
Tim,M
Charles,M
Kevin,M
Paul,M
Nicholas,M
Glenn,M
Ronald,M
Joseph,M
Richard,M
Marc,M
Cody,M
Robert,M
Ronald,M
Travis,M
Jose,M
Israel,M
Numbers,M
Victor,M
Bud,M
Edward,M
Lance,M
Scott,M
Howard,M
Brent,M
Steven,M
Daniel,M
Joseph,M
Lewis,M
Philip,M
Enoch,M
Robert,M
Matthew,M
Forrest,M
Fernando,M
William,M
James,M
David,M
Zane,M
Michael,M
Terry,M
Brian,M
Charlie,M
Bernard,M
Norman,M
Albert,M
Donald,M
Jose,M
James,M
Douglas,M
Joe,M
Eric,M
Jorge,M
Dean,M
Travis,M
Michael,M
Christopher,M
George,M
Gerald,M
Kevin,M
Aaron,M
Heath,M
James,M
Leon,M
Bryce,M
Robert,M
Frank,M
Douglas,M
Juan,M
Enrique,M
Adam,M
Michael,M
Lawrence,M
Fernando,M
John,M
John,M
Ronald,M
Byron,M
Thomas,M
Robert,M
Francis,M
Rick,M
Vincent,M
Douglas,M
James,M
Ulysses,M
George,M
David,M
Ronald,M
Billy,M
John,M
Jeremy,M
Raymond,M
Alton,M
Michael,M
Frank,M
Joshua,M
Jose,M
William,M
Benjamin,M
David,M
Christopher,M
James,M
Manuel,M
Richard,M
Billy,M
Matthew,M
Michael,M
Mark,M
Gregory,M
Leonard,M
Curtis,M
Stanley,M
Albert,M
Joseph,M
Harry,M
Carl,M
Michael,M
Gilbert,M
Ryan,M
Reyes,M
Ronald,M
Glenn,M
Ralph,M
Charles,M
Clyde,M
Christopher,M
Ted,M
John,M
Bryce,M
Richard,M
William,M
Scott,M
Derek,M
Wilson,M
Michael,M
Darrin,M
George,M
Glenn,M
Daniel,M
Andre,M
Edward,M
Derick,M
Mark,M
John,M
Gary,M
Steve,M
Robert,M
Steven,M
Daniel,M
Frederick,M
John,M
Gregory,M
Corey,M
James,M
Ralph,M
Charles,M
Richard,M
Don,M
Marion,M
Mario,M
Joshua,M
Richard,M
Donald,M
Aaron,M
Stephen,M
Hubert,M
Christopher,M
Walter,M
Michael,M
Nicholas,M
Spencer,M
Ronald,M
Roger,M
Matthew,M
Gabriel,M
Cecil,M
Anthony,M
Robert,M
Gary,M
Larry,M
Thomas,M
James,M
Charles,M
Gus,M
Paul,M
Josue,M
Cameron,M
Samuel,M
Jim,M
Patrick,M
Kevin,M
Thomas,M
Gregory,M
Ricky,M
Kyle,M
Robert,M
Alva,M
Benjamin,M
Adam,M
Jimmie,M
David,M
Kevin,M
Patrick,M
Kenneth,M
Delmer,M
William,M
Leon,M
Jean,M
Brandon,M
Oscar,M
Emory,M
Gerald,M
Victor,M
Floyd,M
James,M
James,M
Jason,M
Anthony,M
Marcus,M
Michael,M
Brandon,M
Steve,M
Michael,M
Ruben,M
Oscar,M
Jeremy,M
John,M
Ronald,M
Claude,M
Hugh,M
Robert,M
William,M
Steven,M
Phillip,M
Philip,M
Ross,M
Alexander,M
Raymond,M
George,M
James,M
Richard,M
William,M
Jesse,M
Chris,M
Jared,M
James,M
Homer,M
Jerry,M
Gerard,M
Stephen,M
Jack,M
Kenneth,M
Bruce,M
Victor,M
Ken,M
Gregg,M
David,M
Justin,M
Alan,M
Ian,M
Neil,M
James,M
Guy,M
John,M
Erick,M
Ronald,M
Tom,M
Kenneth,M
William,M
Randall,M
George,M
Chris,M
Luther,M
Brian,M
Robert,M
Perry,M
Johnny,M
Frank,M
Shawn,M
James,M
Benito,M
Michael,M
Harry,M
Shane,M
Robert,M
Scott,M
Kevin,M
Jeremiah,M
Theodore,M
Robert,M
Charles,M
James,M
Pedro,M
Lee,M
Robert,M
Robert,M
Vicente,M
Carl,M
John,M
Ellsworth,M
Robert,M
Robert,M
John,M
William,M
Dale,M
Blaine,M
Ralph,M
Frederick,M
Richard,M
Michael,M
James,M
William,M
Norman,M
John,M
Margaret,F
Kathleen,F
Latosha,F
Paula,F
Kim,F
Anne,F
Jinny,F
Glenda,F
Cynthia,F
Cynthia,F
Allison,F
Mabel,F
Amanda,F
Gwendolyn,F
Juanita,F
Dana,F
Sonia,F
Lisa,F
Angela,F
Joanna,F
Anna,F
Maureen,F
Crystal,F
Devorah,F
Delorse,F
Deborah,F
Amanda,F
Linda,F
Jessica,F
Maureen,F
Winnie,F
Marion,F
Marie,F
Clarence,F
Ruth,F
Holly,F
Jeanine,F
Donna,F
Julianna,F
Toni,F
Hope,F
Jennifer,F
Gwendolyn,F
Elizabeth,F
Margarette,F
Ethel,F
Patricia,F
Louise,F
Lisa,F
Dana,F
Cindy,F
Chastity,F
Lillian,F
Mary,F
Marie,F
Norma,F
Virginia,F
Elly,F
Eloise,F
Teresa,F
Anna,F
Sandra,F
Sherron,F
Elizabeth,F
Priscilla,F
Melody,F
Louise,F
Stephanie,F
Julia,F
Ruth,F
Mildred,F
Linda,F
Victoria,F
Monique,F
Frances,F
Kathleen,F
Elsie,F
Denise,F
Teresa,F
Leola,F
Mary,F
Denise,F
Lucille,F
Donna,F
Mindy,F
Kimberly,F
Vanessa,F
Linda,F
Shannon,F
Gabriel,F
Oneida,F
Alice,F
Amber,F
Ellen,F
Vicki,F
Anita,F
Nancy,F
Pauline,F
Mary,F
Dawn,F
Christina,F
Mary,F
Nancy,F
Jean,F
Wilma,F
Josephine,F
Fatima,F
Nancy,F
Judith,F
Brittney,F
Carol,F
Etta,F
Pamela,F
Mary,F
Callie,F
Wendy,F
Marielle,F
Martha,F
Louise,F
Susan,F
Marianne,F
Lesa,F
Johnna,F
Connie,F
Lynn,F
Marcia,F
Megan,F
Monica,F
Jean,F
Ena,F
Irene,F
Ruth,F
Sherry,F
Charity,F
Mira,F
Anna,F
Mari,F
Kristin,F
Shirley,F
Janie,F
Sherri,F
Nicki,F
Matilda,F
Cynthia,F
Cindi,F
Vivian,F
Jennifer,F
Hannah,F
Catherine,F
Sarah,F
Tracy,F
Shayna,F
Patricia,F
Grace,F
Megan,F
Krystle,F
Elizabeth,F
Tonya,F
Maria,F
Roni,F
Florence,F
Christy,F
Denise,F
Dorothy,F
Edna,F
Megan,F
Nu,F
Sandra,F
Marilyn,F
Sheree,F
Rae,F
Eileen,F
Alisha,F
Dorothy,F
Amy,F
Leslie,F
Cecile,F
Mary,F
Angela,F
Roxanne,F
Kristina,F
Anne,F
Ruth,F
Evelyn,F
Edith,F
Elizabeth,F
Melissa,F
Kathleen,F
Imelda,F
Tiffany,F
Holly,F
Michelle,F
Nellie,F
Shawnee,F
Ernestine,F
Barbara,F
Sandra,F
See,F
Margaret,F
Janice,F
Patricia,F
Jean,F
Jean,F
Evelyn,F
Brenda,F
Michelle,F
Cheryl,F
Verna,F
Elise,F
Marie,F
Linda,F
Jennifer,F
Mollie,F
Sarah,F
Jesenia,F
Violet,F
Ada,F
Carole,F
Takako,F
Susan,F
Louise,F
Desiree,F
Sadie,F
Megan,F
Ella,F
Jeanetta,F
Annie,F
Dominga,F
Robyn,F
Elizabeth,F
Bonnie,F
Penny,F
Evelyn,F
Mary,F
Brenda,F
Diane,F
Olivia,F
Rosalia,F
Ruth,F
Carlene,F
Tammy,F
Joyce,F
Jacqueline,F
Maria,F
Cristina,F
Melissa,F
Dorothy,F
Rose,F
Ashley,F
Bonnie,F
Janelle,F
Wanda,F
Shirley,F
Ruby,F
Cynthia,F
Betty,F
Lori,F
Ashlee,F
Margaret,F
Ida,F
Terry,F
Frances,F
Sonya,F
Dana,F
Elsa,F
Marcella,F
Erinn,F
Rita,F
Samantha,F
Mary,F
Laverna,F
Margaret,F
Daphne,F
Joyce,F
Mary,F
Carol,F
Leonor,F
Rochelle,F
Deborah,F
Monica,F
Arlene,F
Emily,F
Helen,F
Tara,F
Patricia,F
Janet,F
Ellen,F
Michelle,F
Melissa,F
Theresa,F
Jolene,F
Mary,F
Amber,F
Helen,F
Nina,F
Tammy,F
Ruth,F
Claudia,F
Ann,F
Susan,F
Lorraine,F
Stephanie,F
Kelly,F
Georgia,F
Alma,F
Elizabeth,F
Noel,F
Valerie,F
Lucy,F
Lynette,F
Phyllis,F
Lorraine,F
Ruby,F
Robin,F
Patty,F
Ruth,F
Myrna,F
Rose,F
Arlene,F
Patricia,F
Cheryl,F
Brenda,F
Noemi,F
Annie,F
Shirley,F
Rochelle,F
Janie,F
Joy,F
Brenda,F
Sara,F
Iris,F
Lydia,F
Nidia,F
Joseph,F
Della,F
Zona,F
Jean,F
Megan,F
Thelma,F
Elizabeth,F
Serena,F
Norma,F
Aimee,F
Louise,F
Helen,F
Hope,F
Rhonda,F
Vicky,F
Raquel,F
Joyce,F
Leanna,F
Debra,F
Geraldine,F
Anna,F
Barbara,F
Josephine,F
Tiffanie,F
Terri,F
Janet,F
Juanita,F
Helen,F
Marjorie,F
Judith,F
Lucia,F
Barbara,F
Marilyn,F
Frances,F
Angelina,F
Andrea,F
Marilyn,F
Lakita,F
Faye,F
Alexandria,F
Christina,F
Arlene,F
Vanessa,F
Amanda,F
Josephine,F
Launa,F
Constance,F
Lissa,F
Eddie,F
Elva,F
Nora,F
Regina,F
Lee,F
Rebecca,F
Josephina,F
Lillian,F
Frances,F
Edna,F
Angela,F
Michelle,F
Linda,F
Elizabeth,F
Martha,F
Barbara,F
Lois,F
Ashley,F
Christina,F
Donna,F
Francis,F
Keisha,F
Adrianne,F
Esther,F
Kathleen,F
Mary,F
Luz,F
Carolyn,F
Peggy,F
Gladys,F
Laurie,F
Lisa,F
Melissa,F
Doris,F
Jean,F
Kimberly,F
Brenda,F
Elane,F
Victoria,F
Bonnie,F
Jennifer,F
Mary,F
Bertha,F
Dorothy,F
Magdalena,F
Theresa,F
Linda,F
Janet,F
Maude,F
Arlene,F
Karen,F
Elfrieda,F
Brenda,F
Geraldine,F
Mildred,F
Becky,F
Lawana,F
Mary,F
Rosa,F
Anna,F
Rosario,F
Rhonda,F
Mary,F
Ginger,F
Rhonda,F
Rosalyn,F
Rachael,F
Ellen,F
Helen,F
Dana,F
Irene,F
Michelle,F
Helen,F
Patricia,F
Kim,F
Doris,F
Donna,F
Deborah,F
Jennifer,F
Linda,F
Alice,F
Rosa,F
Crystal,F
Ruth,F
Phyllis,F
Romona,F
Lily,F
Heather,F
Angelina,F
Emelia,F
Mari,F
Barbara,F
Clara,F
Gwendolyn,F
Shaina,F
Meta,F
Diane,F
Michelle,F
Doris,F
Bettie,F
Marie,F
Judith,F
Maureen,F
Rebecca,F
Mary,F
Lavonne,F
Terry,F
Dian,F
Sherry,F
Stella,F
Emily,F
Beverly,F
Mary,F
Crystal,F
Maureen,F
Pearl,F
Jeri,F
Nancy,F
Judy,F
Dora,F
Dora,F
Jill,F
Mary,F
Mariana,F
Melissa,F
Dorothy,F
Ida,F
Maria,F
Kristi,F
Gabriela,F
Thomasina,F
Lena,F
Jean,F
Lee,F
Cynthia,F
Doris,F
Helen,F
Mildred,F
Rita,F
Opal,F
Juanita,F
Kami,F
Frances,F
Mary,F
Ruby,F
Bessie,F
Louise,F
Angelika,F
Leslie,F
Michelle,F
Rachel,F
Willie,F
Elisa,F
Vickie,F
Barbara,F
Bonnie,F
Michelle,F
Carol,F
Joan,F
Rebekah,F
Ruby,F
Vanna,F
Margaret,F
Edna,F
Lillie,F
Lisa,F
Carlos,F
Billie,F
Tiffany,F
Marcella,F
Francesca,F
Megan,F
Peggy,F
Cheryl,F
Felicia,F
Mary,F
Crystal,F
Heather,F
Stacy,F
Daisy,F
Mary,F
Lisa,F
Betty,F
Betsy,F
Leigh,F
Suzanne,F
Angela,F
Deanna,F
Kathleen,F
Virginia,F
Patricia,F
Janet,F
Anita,F
Nicole,F
Beatrice,F
Joy,F
Mary,F
Eva,F
Andrea,F
Mary,F
Cynthia,F
Alice,F
Shirley,F
Doris,F
Katherine,F
Kelly,F
Denise,F
Mary,F
Marylou,F
Monica,F
Leann,F
Corinne,F
Patricia,F
Donna,F
Maribel,F
Anna,F
Pamela,F
Susan,F
Rebecca,F
Catherine,F
Tessie,F
Dorothy,F
Brittany,F
Stephanie,F
Sarah,F
Abbie,F
Carol,F
Jennifer,F
Cathy,F
Irene,F
Karen,F
Dana,F
Evelyn,F
Agnes,F
Tanya,F
Jerrica,F
Jaclyn,F
Emily,F
Stephanie,F
Rose,F
Lisa,F
Jeanette,F
Kelly,F
Danielle,F
Karen,F
Donna,F
Elisa,F
Fannie,F
Jennifer,F
Diana,F
Grace,F
Debra,F
Edna,F
Hazel,F
Ruthie,F
Wonda,F
Gladys,F
Roberta,F
Catherine,F
Ying,F
Deborah,F
Phyllis,F
Leticia,F
Nina,F
Lena,F
Tiffany,F
Sophie,F
Melody,F
Jana,F
Vera,F
Lillie,F
Ann,F
Shelia,F
Julia,F
Cindy,F
Regina,F
Denise,F
Brenda,F
Maria,F
Wanda,F
Estelle,F
Maria,F
Herma,F
Stella,F
Nana,F
Thelma,F
Sally,F
Eva,F
Linda,F
Margaret,F
Jessica,F
Mary,F
Penny,F
Terry,F
Brittany,F
Dianne,F
Tina,F
Samantha,F
Jane,F
Julie,F
Elizabeth,F
Annie,F
Shelly,F
Amanda,F
Pamela,F
Mary,F
Robyn,F
Kathy,F
Cheryl,F
Beatrice,F
Anna,F
Helga,F
Gina,F
Mary,F
Shirley,F
Augusta,F
Gene,F
Tina,F
Barbara,F
Amanda,F
Gladys,F
Regina,F
Janet,F
Paula,F
Janett,F
Jennifer,F
Josephine,F
Denise,F
Barbara,F
Darlene,F
Lorene,F
Edna,F
Kelly,F
Alexandra,F
Janice,F
Michele,F
Kim,F
Jo,F
Christine,F
Dianne,F
Mara,F
Kathryn,F
Leola,F
Jacqueline,F
Catherine,F
Marcia,F
Marcia,F
Shani,F
Trinity,F
Mary,F
Mary,F
Stephanie,F
Jordan,F
Misty,F
Lovella,F
Jennifer,F
Estela,F
Kimberly,F
Suzanne,F
Monica,F
Wendy,F
Dianne,F
Linda,F
Bessie,F
Sheree,F
Cathie,F
Tammy,F
Dorothy,F
Verena,F
Cynthia,F
Cheryle,F
Wanda,F
Barbara,F
Deborah,F
Annie,F
Gertrude,F
Holly,F
Peggy,F
Cheryl,F
Nicole,F
Doreen,F
Elizabeth,F
Joyce,F
Darlene,F
Jane,F
Laurie,F
Cassandra,F
Rose,F
Kristine,F
Ellen,F
Marcie,F
Catherine,F
Valerie,F
Donna,F
Marlene,F
Regina,F
Sarah,F
Julie,F
Patricia,F
Charlene,F
Debra,F
Jennifer,F
Joy,F
Romana,F
Eugenia,F
Vickie,F
Cathey,F
Jennifer,F
Juanita,F
Luisa,F
Susan,F
Jennifer,F
Esther,F
Marie,F
Ehtel,F
Cheryl,F
Lucy,F
Jennifer,F
Bonnie,F
Rita,F
Margaret,F
Shirley,F
Brenda,F
Jennifer,F
Catherine,F
Laura,F
Mary,F
Dorothy,F
Mercedes,F
Jennifer,F
Wendy,F
Wanda,F
Gloria,F
Ruth,F
Joe,F
Nicole,F
Julia,F
Alberta,F
Janice,F
Marisol,F
Kimberly,F
Karen,F
Naomi,F
Sara,F
Cassie,F
Michelle,F
Roberta,F
Helen,F
Emily,F
Thelma,F
Rebecca,F
Maude,F
Norma,F
Natalia,F
Cheryl,F
Kayla,F
Florida,F
Maryann,F
Beth,F
Sadie,F
Mary,F
Laverne,F
Amy,F
Julia,F
Virginia,F
Sara,F
Hazel,F
Son,F
Heather,F
Jeanna,F
Pearlene,F
Gaye,F
Theresa,F
Cheryl,F
Carolyn,F
Earline,F
Mary,F
Hedwig,F
Susan,F
Hattie,F
Jessie,F
Kim,F
Kay,F
Pearline,F
Helen,F
Cassandra,F
Michelle,F
Mary,F
Bethany,F
Kimberly,F
Rosemary,F
Danielle,F
Nancy,F
Susan,F
Margaret,F
Joanne,F
Bridget,F
Selena,F
Shona,F
Kenya,F
Susan,F
Tonya,F
Michelle,F
Lisa,F
Catherine,F
Georgina,F
Rosemary,F
Terry,F
Lori,F
Jenna,F
Christine,F
Faye,F
June,F
Teresa,F
Alicia,F
Emily,F
Martha,F
Lisa,F
Charlene,F
Marjorie,F
Jennifer,F
Grace,F
Lois,F
Katherine,F
Carolina,F
Susan,F
Suzette,F
Ines,F
Diana,F
Claudia,F
Carol,F
Helen,F
Frances,F
Susan,F
Hazel,F
Meghan,F
Cleo,F
Olga,F
Gail,F
Tammy,F
Kathy,F
Kelly,F
Mary,F
Sonya,F
Valerie,F
Laura,F
Mary,F
Felisha,F
Billie,F
Donna,F
Mary,F
Rachel,F
Julia,F
Joyce,F
Kristy,F
Bernice,F
Janice,F
Sabina,F
Debbie,F
Jerry,F
Lana,F
Johnnie,F
Karen,F
Mary,F
Mercy,F
Mary,F
Patricia,F
Mary,F
Bella,F
Mary,F
Jena,F
Eunice,F
Kim,F
Chastity,F
Thelma,F
May,F
Maria,F
Martha,F
Anna,F
Nicole,F
Hazel,F
Marlene,F
Thalia,F
Julia,F
Alice,F
Sandra,F
Sarah,F
Leah,F
Lorraine,F
Lori,F
Ola,F
Sara,F
Tamika,F
Jennifer,F
Annette,F
Michele,F
Mei,F
Bennie,F
Cynthia,F
Valeria,F
Sheila,F
Tammy,F
Tiara,F
Shonda,F
Mollie,F
Devon,F
Julia,F
Carol,F
Marilyn,F
Caron,F
Paulette,F
Sharon,F
Sharonda,F
Jennifer,F
Soledad,F
Melissa,F
Nancy,F
Mary,F
Eloisa,F
Sara,F
Vera,F
Dorothy,F
Willie,F
Ella,F
Stacia,F
Pearl,F
Melody,F
Debra,F
Jessica,F
Shantel,F
Wendy,F
Tracy,F
Elizabeth,F
Carol,F
Cristina,F
Irma,F
Renee,F
Christy,F
Linda,F
Dottie,F
Chrystal,F
Elaine,F
Chloe,F
Ying,F
Suzanne,F
Amee,F
Paula,F
Mattie,F
Bertie,F
Joan,F
Valerie,F
Diane,F
Katherine,F
Anne,F
Cristina,F
Deirdre,F
Mildred,F
Andrea,F
Lisa,F
Mercedes,F
Sabrina,F
Donna,F
Agnes,F
Stacy,F
Marcia,F
Crystal,F
Darlene,F
Mary,F
Kris,F
Angie,F
Vera,F
Lisa,F
Keitha,F
Courtney,F
Lauren,F
Myrtle,F
Tanya,F
Evelyn,F
Laura,F
Anne,F
Mary,F
Tammy,F
Laura,F
Margaret,F
Carla,F
Natalie,F
Monica,F
Cheryl,F
Melanie,F
May,F
Grace,F
Michelle,F
Evelyn,F
Mattie,F
Mandi,F
Miriam,F
Patricia,F
Lisbeth,F
Verna,F
Irene,F
Anna,F
Sandy,F
Chery,F
Karen,F
Lorraine,F
Barbara,F
Bertha,F
Pamela,F
Barbara,F
Amy,F
Signe,F
Leah,F
Patricia,F
Maria,F
Dinorah,F
Lupe,F
Maryellen,F
Debbie,F
Judith,F
Teresa,F
Caroline,F
Gloria,F
Brenda,F
Felicita,F
Mary,F
Bernice,F
Dorothea,F
Catherine,F
Rita,F
Edith,F
Angela,F
Sandra,F
Jodi,F
Elizabeth,F
Dolores,F
Barbara,F
Michelle,F
Barbara,F
Joan,F
Edith,F
Magnolia,F
Agatha,F
Helen,F
Debbie,F
Gladys,F
Gloria,F
Sarah,F
Charlene,F
Dominica,F
Tina,F
Tamala,F
Carol,F
Beverly,F
Earlene,F
Teresa,F
Patricia,F
Michele,F
Patricia,F
Marion,F
Lisa,F
Lucy,F
Ira,F
Deborah,F
Elizabeth,F
Kate,F
Luz,F
Angela,F
Elizabeth,F
Tiffany,F
Marisa,F
Ruth,F
Barbara,F
Arleen,F
Joyce,F
Celeste,F
Kimberly,F
Hazel,F
Denise,F
Phyllis,F
Carol,F
Teresa,F
Mildred,F
Donna,F
Hazel,F
Leah,F
Shanita,F
Melissa,F
Debra,F
Betty,F
Karen,F
Lynn,F
Nancy,F
Mary,F
Josie,F
Connie,F
Susan,F
Debora,F
Mary,F
Lori,F
Susan,F
Mildred,F
Jennifer,F
Brenda,F
Sonya,F
Judith,F
Roberta,F
Mary,F
Tammy,F
Gloria,F
Betty,F
Mary,F
Harriet,F
Lisa,F
Elizabeth,F
Henrietta,F
Mary,F
Pa,F
Donna,F
Lillian,F
Monica,F
Lauren,F
Edna,F
Marie,F
Deborah,F
Masako,F
Melinda,F
Elizabeth,F
Jessica,F
Eugenie,F
Sandra,F
Helen,F
Margret,F
Faye,F
Melony,F
Stella,F
Lauren,F
Lola,F
Elizabeth,F
Theresa,F
Sylvia,F
Silvia,F
Rhonda,F
Sue,F
Mirtha,F
Myrna,F
Genna,F
Sabrina,F
Mai,F
Rita,F
Minnie,F
Donna,F
Miriam,F
Julie,F
Tammy,F
Doretta,F
Joni,F
Shirley,F
Greta,F
Colleen,F
Ruth,F
Margaret,F
Amanda,F
Edna,F
Judith,F
Emily,F
Lavern,F
Ann,F
Jan,F
Kathleen,F
Maureen,F
Sadie,F
Gloria,F
Joyce,F
Mahalia,F
Lillian,F
Marian,F
Gay,F
Sandra,F
Kristin,F
Debra,F
Pauline,F
Carole,F
Doris,F
Francie,F
Megan,F
Dorothy,F
Regina,F
Carol,F
Anne,F
Beatriz,F
Nita,F
Della,F
Alice,F
Victoria,F
Carmen,F
Dolores,F
Ronda,F
Janice,F
Marilyn,F
Rosanne,F
Julia,F
Emily,F
Michelle,F
Pamela,F
Desiree,F
Frances,F
Marsha,F
Jacqueline,F
Hazel,F
Melissa,F
Lula,F
Roseann,F
Karina,F
Jenny,F
Teresa,F
Kathleen,F
Latoya,F
Linda,F
Magdalena,F
Kathy,F
Callie,F
Betty,F
Ruby,F
Nancy,F
Jennifer,F
Hilaria,F
Charles,F
Jennifer,F
Patricia,F
Dina,F
Victoria,F
Malinda,F
Samantha,F
Clara,F
Kathleen,F
Leisa,F
Lindsey,F
Ruth,F
Christine,F
Anna,F
Barbara,F
Michele,F
Mildred,F
Zandra,F
Niki,F
Teri,F
Marcia,F
Rita,F
Kathleen,F
Maria,F
Robin,F
Ida,F
Donna,F
Annie,F
Linda,F
Maisie,F
Deana,F
Queen,F
Marcella,F
Eve,F
Rosa,F
Linnie,F
Gabrielle,F
Lynda,F
Michele,F
Ruth,F
Joanne,F
Diane,F
Corrinne,F
Dorthy,F
Logan,F
Tamie,F
Vicki,F
Lupe,F
Paula,F
Barbara,F
Jennifer,F
Earnestine,F
Nannie,F
Deanna,F
Laura,F
Elaine,F
Martha,F
Jasmine,F
Anna,F
Kathryn,F
Debby,F
Geraldine,F
Susan,F
Melissa,F
Deborah,F
Deborah,F
Dorothy,F
Angela,F
Jessie,F
Rose,F
Barbara,F
Michelle,F
Eddie,F
Geri,F
Renetta,F
Olivia,F
Catherine,F
Barbara,F
Ethel,F
Elizabeth,F
Jennifer,F
Mary,F
Mary,F
Dona,F
Natasha,F
Joyce,F
Vicki,F
Charlotte,F
Debra,F
Lorie,F
Nadia,F
Margaret,F
Martha,F
Maxine,F
Julie,F
Nicole,F
Maxine,F
Carrie,F
Allison,F
Miki,F
Kayla,F
Barbara,F
Terri,F
Joann,F
Jane,F
Carolyn,F
Eleanor,F
Sachiko,F
Bonita,F
Shelly,F
Aretha,F
Margaret,F
Rosanne,F
Erica,F
Susan,F
Elizabeth,F
Vickie,F
Patricia,F
Nancy,F
Mary,F
Katie,F
Kristie,F
Jan,F
Jennie,F
Betty,F
Mildred,F
Margaret,F
Freda,F
Wanda,F
Bonnie,F
Joni,F
Lavina,F
Rosa,F
Linda,F
Patricia,F
Margaret,F
Wendy,F
Lourdes,F
Lucille,F
Gene,F
Melissa,F
Marilyn,F
Mercedes,F
Ann,F
Samantha,F
Rebecca,F
Diane,F
Susan,F
Christine,F
Norma,F
Kristen,F
Virginia,F
Virginia,F
Carol,F
Ora,F
Marion,F
Nancy,F
Ina,F
Linda,F
Dorothea,F
Patricia,F
Cherry,F
Tammy,F
Linda,F
Rosa,F
Chris,F
Lori,F
Cathy,F
Candice,F
Bella,F
Geneva,F
Jodi,F
Juliann,F
Juanita,F
Pamela,F
Brittany,F
Diane,F
Patricia,F
Darla,F
Sharon,F
Diane,F
Carla,F
Pam,F
Stephanie,F
Patricia,F
Bonnie,F
Barbara,F
Brittany,F
Princess,F
Kimberly,F
Charlene,F
Florence,F
Candelaria,F
Erica,F
Katherine,F
Michelle,F
Caroline,F
Diane,F
Kathleen,F
Phyllis,F
Tawana,F
Robin,F
Amber,F
Tonya,F
Frances,F
Mary,F
Dixie,F
Jeanette,F
Gloria,F
Eleanor,F
Ana,F
Kathleen,F
Laura,F
Julia,F
Diane,F
Maria,F
Liliana,F
Amanda,F
Jackie,F
Barbara,F
Tracy,F
Pamela,F
Diana,F
Eileen,F
Susan,F
Karen,F
Isidra,F
Ann,F
Kasey,F
Laverne,F
Priscilla,F
Christina,F
Elizabeth,F
Mary,F
Debra,F
Thelma,F
Jennifer,F
Socorro,F
Marie,F
Clara,F
Karen,F
Janine,F
Betty,F
Margarita,F
Julia,F
Gayle,F
Marisa,F
Barbra,F
Lauren,F
Rosa,F
Vera,F
Carrie,F
Phyllis,F
Dora,F
Paulette,F
Grace,F
Oleta,F
Helen,F
Mildred,F
Susan,F
Kristen,F
Suzanne,F
Ashley,F
Lorena,F
Bertha,F
Sonia,F
Johnie,F
Ernestine,F
Stephanie,F
Rima,F
Andrea,F
Daniela,F
Elizabeth,F
Carmen,F
Joan,F
Cheryl,F
Meaghan,F
Latonya,F
Deborah,F
Ruth,F
Roberta,F
Sarah,F
Kimberly,F
Carolyn,F
Elvira,F
Arica,F
Edna,F
Ruby,F
Sylvia,F
Susan,F
Teresa,F
Mary,F
Crystal,F
Hermina,F
Desiree,F
Crystal,F
Amy,F
Delcie,F
Carolyn,F
April,F
Dalene,F
Helen,F
Evelyn,F
Shirley,F
Josephina,F
Alice,F
Alberta,F
Cecilia,F
Dannielle,F
Viola,F
Robert,F
Brenda,F
Jennifer,F
Beverly,F
Mary,F
Sandra,F
Terrie,F
Linda,F
Robin,F
Shari,F
Melissa,F
Elvia,F
Annie,F
Denise,F
Donna,F
Debra,F
Julia,F
Brenda,F
Chandra,F
Margaret,F
Lakesha,F
Rebecca,F
Christina,F
Helen,F
Mary,F
Jack,F
Joni,F
Marissa,F
Julie,F
Deborah,F
Amber,F
Marty,F
Darla,F
Rita,F
Barbara,F
Wendy,F
Lawanda,F
Sophie,F
Bonnie,F
Jeanine,F
Sarah,F
Virginia,F
Edith,F
Latasha,F
Henrietta,F
Martha,F
Brenda,F
Amy,F
Laura,F
Kerry,F
Marian,F
Lola,F
Sharon,F
Irene,F
Lynnette,F
Lynn,F
Judith,F
Edna,F
Jane,F
Jessica,F
Julie,F
Jodi,F
Jennifer,F
April,F
Jessica,F
Barbara,F
Liane,F
Ava,F
Shirley,F
Eldora,F
Joann,F
Virginia,F
Laura,F
Rachel,F
Eileen,F
Amy,F
Ann,F
Geri,F
Wilma,F
Betty,F
Dorothy,F
Roxanne,F
Mildred,F
Kay,F
Gloria,F
Dung,F
Ariel,F
Mary,F
Tammy,F
Josephine,F
Myrtle,F
Michelle,F
Delcie,F
Christine,F
Della,F
Delores,F
Christine,F
Felicia,F
Angela,F
Darlene,F
Dawn,F
Christine,F
Mary,F
Patricia,F
Jill,F
Effie,F
Peggy,F
Michelle,F
Megan,F
Kay,F
Jennifer,F
Patricia,F
Willie,F
Stephanie,F
Dana,F
Fay,F
Jerry,F
Tammie,F
Harriet,F
Ann,F
Kate,F
Deane,F
Stefanie,F
Marjorie,F
Melinda,F
Sandra,F
Diana,F
Karen,F
Rose,F
Lily,F
Mary,F
Doris,F
Elizabeth,F
Megan,F
Aimee,F
Mabel,F
Maria,F
Becky,F
Celeste,F
Sally,F
Mary,F
Tracy,F
Marylee,F
Gayle,F
Sandra,F
Lindsay,F
Norma,F
Amanda,F
Cynthia,F
Stephanie,F
Laura,F
Jamie,F
Karen,F
Ashley,F
Nancy,F
Diana,F
Carman,F
Ella,F
Josephine,F
Joan,F
Jenna,F
Rosa,F
Michelle,F
Julie,F
Maria,F
Mignon,F
Christine,F
Margie,F
Bobbi,F
Maryann,F
Anne,F
Daniel,F
Linda,F
Teresa,F
Helen,F
Antonia,F
Kristina,F
Linda,F
Rosalia,F
Angie,F
Marion,F
Jessica,F
Charlotte,F
Wilma,F
Rebecca,F
Lisa,F
Mary,F
Myung,F
Mildred,F
Ernestine,F
Karen,F
Janet,F
Mary,F
Melissa,F
Ma,F
Deborah,F
Cynthia,F
Christina,F
Della,F
Dee,F
Elizabeth,F
Carrie,F
Delilah,F
Darcy,F
Carolyn,F
Courtney,F
Lydia,F
Patricia,F
Brandy,F
Janice,F
Lynne,F
Wanda,F
Patti,F
Wilma,F
Agnes,F
Esther,F
Sherry,F
Francis,F
Deborah,F
Nellie,F
Josephine,F
Betty,F
Ida,F
Michelle,F
Jacqueline,F
Stacey,F
Sandra,F
Mary,F
Sherrie,F
Joyce,F
Victoria,F
Caitlin,F
Ashley,F
Amy,F
Helen,F
Dixie,F
Stella,F
Ashely,F
Leanne,F
Deborah,F
Lydia,F
Eleanor,F
Etta,F
Joan,F
Mabel,F
Daisy,F
Lakisha,F
Sonia,F
Bonita,F
Natalie,F
Amy,F
Julie,F
Gloria,F
Michelle,F
Ruth,F
Kristine,F
Sheila,F
Kara,F
Barbara,F
Breann,F
Shanice,F
Marion,F
Sharon,F
Rebecca,F
Brenda,F
Lynn,F
Melanie,F
Felicia,F
Anna,F
Nina,F
Carol,F
Patricia,F
Martha,F
Louise,F
Doris,F
Jana,F
Laurie,F
Teresa,F
Shirley,F
Irene,F
Jean,F
June,F
Molly,F
Denise,F
Marion,F
Donna,F
Stephanie,F
Norma,F
Christine,F
Joyce,F
Janice,F
Jeannette,F
Beatriz,F
Phoebe,F
Tammy,F
Connie,F
Jo,F
Dacia,F
Dale,F
Suzanne,F
Joanne,F
Amanda,F
Sandra,F
Kathryn,F
Lawanda,F
Aimee,F
Louise,F
Sara,F
Minnie,F
Jayne,F
Christine,F
Edna,F
Susan,F
Cassandra,F
Ashley,F
Frances,F
Martha,F
Kellie,F
Evelyn,F
Angie,F
Linda,F
Allison,F
Tina,F
Melissa,F
Elizabeth,F
Annie,F
Catherine,F
Petra,F
Brandy,F
Tammy,F
Katherine,F
Christie,F
Helene,F
Hazel,F
Jeanette,F
Julia,F
Connie,F
Kelley,F
Elizabeth,F
Michelle,F
Betty,F
Heather,F
Latoya,F
Carrie,F
Willie,F
Debra,F
Cynthia,F
Jennifer,F
Shawn,F
Jennifer,F
Nancy,F
Mary,F
Gladys,F
Sherri,F
Valerie,F
Rose,F
Maria,F
Maria,F
Debra,F
Versie,F
Ginger,F
Nell,F
Ruth,F
Katherine,F
Sylvia,F
Celine,F
Sasha,F
Josephine,F
Eileen,F
Karen,F
Donna,F
Jane,F
Carly,F
Gretchen,F
Emma,F
Vanessa,F
Nikki,F
Eileen,F
Theresa,F
Colleen,F
Mae,F
Victoria,F
Elizabeth,F
Erin,F
Young,F
Patricia,F
Annie,F
Tanya,F
Anne,F
Lena,F
Kelly,F
Sharlene,F
Sharon,F
Maris,F
Lois,F
Karen,F
Donna,F
Roxie,F
Theresa,F
Melissa,F
Rachel,F
Pearl,F
Josephine,F
Tammy,F
Rose,F
Lisa,F
Kecia,F
Cynthia,F
Sandra,F
Alice,F
Erika,F
Cary,F
Pamela,F
Judith,F
Maria,F
Andrea,F
Lucille,F
Tiffany,F
Linda,F
Ethel,F
Emily,F
Dotty,F
Chelsea,F
Glenda,F
Ruthann,F
Gaynell,F
Hannah,F
Joanne,F
Dorothy,F
Judith,F
Virginia,F
Barbara,F
Ann,F
Lauren,F
Patricia,F
Janice,F
Lourdes,F
Lisa,F
Esther,F
Karon,F
Nora,F
Romana,F
Perla,F
Carrie,F
Sherry,F
Susan,F
Dianne,F
Joan,F
Mary,F
Ella,F
Laura,F
Linda,F
Ruth,F
Pamela,F
Gloria,F
Marguerite,F
Jill,F
Linda,F
Rosa,F
Patricia,F
Mildred,F
Esmeralda,F
Jackie,F
Jamie,F
Ginger,F
Shirley,F
Annie,F
Patsy,F
Martha,F
Ona,F
Alyce,F
Donna,F
Lisa,F
Isela,F
Marisa,F
Kathleen,F
Grace,F
Maria,F
Francisca,F
Leslie,F
Karen,F
Courtney,F
Tami,F
June,F
Lillie,F
Claire,F
Jessica,F
Marie,F
Alison,F
Elida,F
Susan,F
Mary,F
Emma,F
Pamela,F
Linda,F
Martha,F
Sandra,F
Beulah,F
Dawn,F
Charmaine,F
Judy,F
Elizabeth,F
Linda,F
Janice,F
Cindy,F
Betsy,F
Billie,F
Dorothy,F
Rebecca,F
Melinda,F
Sheila,F
Doris,F
Barbara,F
Rosa,F
Dawn,F
Christina,F
Brenda,F
Dixie,F
Pearl,F
Amber,F
Wanda,F
Ruby,F
Pamela,F
Jean,F
Laura,F
Loretta,F
Stephanie,F
Mary,F
Dorothy,F
Elisabeth,F
Stephanie,F
Joan,F
Sherry,F
Courtney,F
Ethel,F
Retha,F
Rose,F
Andrea,F
Jennifer,F
Kathryn,F
Inez,F
Lynelle,F
Katherine,F
Karen,F
Trish,F
Alyse,F
Marta,F
Libby,F
Becky,F
Rosanna,F
Pearline,F
Patricia,F
Rachael,F
Kathleen,F
Carrie,F
Shiloh,F
Jennifer,F
Marguerite,F
Trudy,F
Nicole,F
Mia,F
Nancy,F
Katie,F
Barbara,F
Yvonne,F
Theresa,F
Patricia,F
Christi,F
Lauren,F
Carmen,F
Susanne,F
Morgan,F
Regina,F
Jessie,F
Pennie,F
Ida,F
Connie,F
Bonnie,F
Carol,F
Mee,F
Renee,F
Gloria,F
Erin,F
Emma,F
Latasha,F
Vanessa,F
Nancy,F
Anita,F
Dana,F
Tiffani,F
Nicole,F
Genevieve,F
Kristin,F
Alice,F
Charlotte,F
Patricia,F
Cathryn,F
Shirley,F
Ellen,F
Patricia,F
Monica,F
Mary,F
Pauline,F
Joyce,F
Francoise,F
Carol,F
Alicia,F
Irene,F
Erica,F
Emily,F
Diana,F
Cindy,F
Heather,F
Angela,F
Celia,F
Patricia,F
Patricia,F
Yvonne,F
Mary,F
Sondra,F
Jeanine,F
Terry,F
Donna,F
Mary,F
Bernadine,F
Gladys,F
Amanda,F
Phyllis,F
Tracy,F
Claire,F
Diane,F
Teresa,F
Melissa,F
Alda,F
Johnnie,F
Jessi,F
Kathy,F
Pamela,F
Kay,F
Patricia,F
Jeanne,F
Ann,F
Elizabeth,F
Jennifer,F
Priscilla,F
Cathy,F
Tiffani,F
Jennifer,F
Helen,F
Frances,F
Christina,F
Diane,F
Imogene,F
Margaret,F
Emmie,F
Mary,F
Natalie,F
Kristie,F
Lisa,F
Deborah,F
Peggy,F
Sarah,F
Shellie,F
Rhonda,F
Jennie,F
Chantelle,F
Anna,F
Donna,F
Ruby,F
Gloria,F
Lucille,F
Anna,F
Kathleen,F
Julie,F
Audrey,F
Cheri,F
Helen,F
Kathy,F
Kathy,F
Linda,F
Diane,F
Lolita,F
Heather,F
Elyse,F
Kim,F
Kristen,F
Dorothy,F
Jennifer,F
Mary,F
Kellye,F
Margaret,F
Marlys,F
Sandra,F
Julie,F
Doris,F
Angela,F
Kimberly,F
Connie,F
Linette,F
Priscilla,F
Jennifer,F
Caridad,F
Paige,F
Connie,F
Julie,F
Carolyn,F
Virginia,F
Ruby,F
Arlene,F
Meredith,F
Wilda,F
Dorothy,F
Gloria,F
Eula,F
Soledad,F
Dena,F
Karen,F
Luann,F
Barbara,F
Susan,F
Renee,F
Kristie,F
Olive,F
Lydia,F
Lulu,F
Stephanie,F
Jacqueline,F
Barbara,F
Amanda,F
Mary,F
Jamie,F
Jill,F
Jackie,F
Yvonne,F
Harriet,F
Aletha,F
Dorothy,F
Bobbie,F
Janice,F
Ruth,F
Brigette,F
Doris,F
Patricia,F
Mattie,F
Lois,F
Brenda,F
Carla,F
Erma,F
Catherine,F
Renae,F
Denise,F
Barbara,F
Nina,F
Kelly,F
Rosie,F
Sherri,F
Elizabeth,F
Carrie,F
Mary,F
Ella,F
Natasha,F
Annemarie,F
Ella,F
Mary,F
Nancy,F
Antoinette,F
Dorothy,F
Dawn,F
Betty,F
Sofia,F
Lesley,F
Arlene,F
Susan,F
Rebecca,F
Jessica,F
Alda,F
Ingeborg,F
Pearlie,F
Ruby,F
June,F
Vicki,F
Margaret,F
Barbara,F
Melissa,F
Luz,F
Laura,F
Pamela,F
Deborah,F
Noemi,F
Kristin,F
Edwina,F
Natalie,F
Janice,F
Jeri,F
Amy,F
Lashanda,F
Bella,F
Evelyn,F
Ashley,F
Constance,F
Karen,F
Charlotte,F
Kelly,F
Shirley,F
Louise,F
Mary,F
Mittie,F
Leslie,F
Tania,F
Gayla,F
Ara,F
Sarah,F
Irma,F
Dorothy,F
Judith,F
Nell,F
Lisa,F
Vicki,F
Stacey,F
Barbara,F
Brianna,F
Sarah,F
Amy,F
Cynthia,F
Gussie,F
Patricia,F
Mary,F
Sally,F
Susan,F
Heather,F
Theresa,F
Theresa,F
Michelle,F
Elnora,F
Vicki,F
Julie,F
Lois,F
Teresa,F
Melanie,F
Louise,F
Violet,F
Tracy,F
Deborah,F
Frances,F
Tawny,F
Diane,F
Diane,F
Anne,F
Kathryn,F
Karla,F
Michele,F
Sarah,F
Cristina,F
Karen,F
Linda,F
Stephanie,F
Charlotte,F
Helen,F
Stacey,F
Jodie,F
Jennifer,F
Joan,F
Luz,F
Melissa,F
Marilyn,F
Erica,F
Ann,F
Mabel,F
Ivy,F
Lynda,F
Bertie,F
Nora,F
Mary,F
Dolores,F
Mary,F
Deborah,F
Virginia,F
Diane,F
Florence,F
Cheryl,F
Eva,F
Louise,F
Amber,F
Shirley,F
Ilene,F
Maria,F
Brenda,F
Dawn,F
Lindsey,F
Shay,F
Vanessa,F
Shirley,F
Linda,F
Sarah,F
Vera,F
Shirley,F
Angelica,F
Marlene,F
Gaye,F
Patricia,F
Lorrie,F
Jewell,F
Charlotte,F
Nancy,F
Carole,F
Tanya,F
Bonnie,F
Deborah,F
Florence,F
Shonda,F
Elda,F
Mary,F
Billie,F
Ann,F
Estrella,F
Nancy,F
Linda,F
Connie,F
Carla,F
Amelia,F
Kisha,F
Fiona,F
Morgan,F
Lucia,F
Mary,F
Lisa,F
Jamie,F
Sharon,F
Fay,F
Elenora,F
Minnie,F
Vicky,F
Joanne,F
Peggy,F
Verna,F
Katherine,F
Jeanne,F
Barbara,F
Carolyn,F
Consuelo,F
Chelsea,F
Geraldine,F
Ann,F
Jennifer,F
Cecelia,F
Regena,F
Sylvia,F
Traci,F
Mary,F
Barbara,F
Amy,F
Regena,F
Mary,F
Ruth,F
Trina,F
Kristi,F
Aimee,F
Laura,F
Stacy,F
Cathy,F
Delilah,F
Connie,F
Teresa,F
Alicia,F
Catherine,F
Marcella,F
Freda,F
Joann,F
Tisha,F
Barbara,F
Patricia,F
Kimberly,F
Ora,F
Gail,F
Jessica,F
Tamara,F
Judith,F
Angela,F
Lottie,F
Stephanie,F
Jean,F
Karen,F
Young,F
Cynthia,F
Sasha,F
Dana,F
Debra,F
Vernice,F
Linda,F
Adrian,F
Mary,F
Michelle,F
Carrie,F
Jacque,F
Edith,F
Jacqueline,F
Barbara,F
Sandra,F
Vickie,F
Katherine,F
Edna,F
Natasha,F
Samantha,F
Mary,F
Bernice,F
Jodi,F
Cora,F
Jane,F
Helen,F
Ann,F
Terri,F
Susan,F
Mary,F
Jessica,F
Inez,F
Betty,F
Patricia,F
Deborah,F
Tonya,F
Debbie,F
Laura,F
Linda,F
Lisa,F
Brenda,F
Candice,F
Kimberly,F
Heather,F
Mary,F
Ingrid,F
Nadia,F
Dolores,F
Dorothy,F
Alma,F
Helen,F
Denise,F
Marguerite,F
Lucienne,F
Wanda,F
Paula,F
Tammy,F
Stacy,F
Margaret,F
Mary,F
Bonny,F
Helen,F
Gwendolyn,F
Janice,F
Mary,F
Ida,F
Lila,F
Krista,F
Olga,F
Maria,F
Lydia,F
Sandra,F
Beverly,F
Mary,F
Elizabeth,F
Amber,F
Kirsten,F
Alberta,F
Karen,F
May,F
Paula,F
Zina,F
Josephine,F
Shery,F
Maria,F
Mary,F
Jenna,F
Janet,F
Gladys,F
Jessica,F
Robin,F
Jacalyn,F
Haley,F
Pamela,F
Crystal,F
Hazel,F
Rachael,F
Noella,F
Ina,F
Mary,F
Evelyn,F
Meridith,F
Shirley,F
Patsy,F
Susan,F
Karla,F
Carol,F
Charlene,F
Ruth,F
Jennifer,F
Neoma,F
Catherine,F
Alicia,F
Sandra,F
Devona,F
Dolores,F
Francis,F
Katherine,F
Rosalina,F
Lynn,F
Joan,F
Thelma,F
Robin,F
Cynthia,F
Charla,F
Denise,F
Gladys,F
Esther,F
Martha,F
Tammi,F
Dorothy,F
Catherine,F
Lisa,F
India,F
Deborah,F
Daisy,F
Patricia,F
Carmen,F
Nicole,F
Melissa,F
Demetria,F
Angela,F
Kathy,F
Virginia,F
Sally,F
Kimberly,F
Marta,F
Donna,F
Cathy,F
Joan,F
Dorothy,F
Mary,F
Erin,F
Candy,F
Mary,F
Rhonda,F
Joyce,F
Micaela,F
Wanda,F
Catherine,F
Marjorie,F
Crystal,F
Marie,F
Wilma,F
Melinda,F
Elizabeth,F
Sara,F
Sharon,F
Nicole,F
Joan,F
Jeannine,F
Cheryl,F
Jacalyn,F
Edna,F
Helen,F
Eunice,F
Pauline,F
Yolanda,F
Donna,F
Jessica,F
Beverly,F
Aletha,F
Valerie,F
Elizabeth,F
Sondra,F
Nicole,F
Yvonne,F
Shannon,F
Denise,F
Elizabeth,F
Gloria,F
Martha,F
Robin,F
Crystal,F
Latonya,F
Carolyn,F
Carol,F
Josephine,F
Darlene,F
Lillie,F
Thelma,F
Julie,F
Christine,F
Alanna,F
Janette,F
Sarah,F
Adrienne,F
Romana,F
Hallie,F
Mildred,F
Yolanda,F
Evelyn,F
Margaret,F
Talia,F
Elizabeth,F
Chelsea,F
Peggy,F
Jamie,F
Sandra,F
Samantha,F
Vicky,F
Robin,F
Denise,F
Deborah,F
Jennifer,F
Sidney,F
Dorothy,F
Marla,F
Kathy,F
Betty,F
Ashley,F
Lola,F
Barbara,F
Concetta,F
Linda,F
Sandra,F
Lisa,F
Anna,F
Sophia,F
Shirley,F
Shelley,F
Eunice,F
Rebecca,F
Katie,F
Sandra,F
Dianne,F
Lovie,F
Maxine,F
Rebecca,F
Ramona,F
Sara,F
Mary,F
Cynthia,F
Sandra,F
Norma,F
Ellen,F
Dolores,F
Grace,F
Eleanor,F
Amanda,F
Rhonda,F
Amy,F
Versie,F
Lynne,F
Bobby,F
Carol,F
Angel,F
Dianne,F
Kim,F
Manie,F
Ellen,F
Lauren,F
Denise,F
Emily,F
Mary,F
Mary,F
Terrie,F
Anna,F
Meredith,F
Heather,F
Alice,F
Althea,F
Angelina,F
Carla,F
Gloria,F
Lillian,F
Mary,F
Susan,F
Vera,F
Natalie,F
Marjorie,F
Gloria,F
Antoinette,F
Peggy,F
Kathleen,F
Ethel,F
Nancy,F
Betty,F
Sirena,F
Barbara,F
Janet,F
Faye,F
Grace,F
Kelsey,F
Yvonne,F
Olga,F
Tara,F
Mae,F
Beth,F
Shelly,F
Susan,F
Helen,F
Geraldine,F
Jazmin,F
Florance,F
Ashley,F
Margaret,F
Tina,F
Ruby,F
Carol,F
Mary,F
Judith,F
Carol,F
Esther,F
Pauline,F
Michelle,F
Alma,F
Julie,F
Randee,F
Elizabeth,F
Carol,F
Delores,F
Barbara,F
Tina,F
Joyce,F
Mary,F
Donna,F
Blanche,F
Cara,F
Janet,F
Elsie,F
Gail,F
Eileen,F
Adrian,F
Jan,F
Betty,F
Sharon,F
Joi,F
Kristen,F
Andrea,F
Rachel,F
Cindy,F
Terry,F
Vida,F
Rebecca,F
Nina,F
Betty,F
Miriam,F
Laura,F
Mary,F
Sheri,F
Kathrine,F
Wanda,F
Mary,F
Ping,F
Ella,F
Jessica,F
Sharon,F
Leisa,F
Emma,F
Rhonda,F
Jenna,F
Anna,F
Helen,F
Natalie,F
Ethel,F
Charlena,F
Phyliss,F
Marylou,F
Marie,F
Bertha,F
Lillie,F
Joy,F
Madeline,F
Virginia,F
Joan,F
Toni,F
Delores,F
Paris,F
Theresa,F
Norma,F
Lori,F
Christina,F
Bridget,F
Francis,F
Julie,F
Lora,F
Diane,F
Carolyn,F
Crystal,F
Krystyna,F
Jennifer,F
Melissa,F
Shirley,F
Sally,F
Diana,F
Shanna,F
Marjorie,F
Kimberly,F
Charla,F
Peggy,F
Shirley,F
Lynn,F
Joan,F
Margery,F
Ethel,F
Megan,F
Lucille,F
Cynthia,F
Chung,F
Mildred,F
Jessica,F
Mary,F
Donna,F
Jean,F
Frances,F
Cheryl,F
Dawn,F
Heidi,F
Gail,F
Lee,F
Ruby,F
Kendra,F
Kathy,F
Caroline,F
Carrie,F
Lorie,F
Ida,F
Lauren,F
Mary,F
Susan,F
Jennifer,F
Lori,F
Rebecca,F
Alecia,F
Mary,F
Audrey,F
Deborah,F
Ana,F
Emma,F
Isabel,F
Katie,F
Dorothy,F
Paula,F
Maria,F
Donna,F
Sarah,F
Anna,F
Heather,F
Patsy,F
Alva,F
Alberta,F
Irma,F
Rhonda,F
Donna,F
Marquita,F
Virginia,F
Margret,F
Donna,F
Jessica,F
Gertrude,F
Rose,F
Betsy,F
Katherine,F
Terry,F
Margaret,F
Nell,F
Karen,F
Margaret,F
Molly,F
Andrea,F
Nellie,F
Paulette,F
Terry,F
Rachel,F
Judith,F
Robin,F
Bobbie,F
Mercedes,F
Heather,F
Anna,F
Angela,F
Mary,F
Florence,F
Mary,F
Katherine,F
Barbara,F
Dorothy,F
Laurie,F
Jennifer,F
Melissa,F
Jacqueline,F
Dixie,F
Regina,F
Casey,F
Danica,F
Dorothea,F
Jessica,F
Kina,F
Rhonda,F
Pamela,F
Jennifer,F
Betty,F
Donna,F
Claude,F
Joyce,F
Laura,F
Dara,F
Dolores,F
Olga,F
Annie,F
Sylvia,F
Karen,F
Julie,F
Rhonda,F
Susan,F
Deborah,F
Nina,F
Dolly,F
Noella,F
Carmen,F
Clara,F
Elizabeth,F
Eloise,F
Bernice,F
Michelle,F
Linda,F
Edna,F
Shelly,F
Vernell,F
Vera,F
Amy,F
Dorothy,F
Belinda,F
Caryn,F
Lois,F
Jane,F
Frances,F
Michelle,F
Linda,F
Irma,F
Evelyn,F
Debra,F
Sarah,F
Jennifer,F
Ethel,F
Sharon,F
Shirley,F
Linda,F
Jessie,F
Georgia,F
Lillie,F
Julia,F
Frances,F
Linda,F
Janet,F
Victoria,F
Cheryl,F
Susan,F
Elise,F
Nancy,F
Eunice,F
Effie,F
Marla,F
Carolyn,F
Janet,F
Odessa,F
Betty,F
Odilia,F
Melissa,F
Alberta,F
Megan,F
Alana,F
Leslie,F
Eda,F
Bernice,F
Doris,F
Julianne,F
Maxine,F
Penny,F
Marilyn,F
Patricia,F
Lori,F
Stella,F
Andrea,F
Tonya,F
Chong,F
Phyllis,F
Amy,F
Deana,F
Lillian,F
Glenda,F
Yolanda,F
Nora,F
Lena,F
Claudia,F
Bertha,F
Barbara,F
Sara,F
Diane,F
Melissa,F
Sarah,F
Jennifer,F
Sheila,F
Erin,F
Alicia,F
Maria,F
Suzanne,F
Sena,F
Sharon,F
Dorothy,F
Noemi,F
Selma,F
Charlotte,F
Peggy,F
Diana,F
Nicole,F
Ruby,F
Elaine,F
Cindy,F
Doreen,F
Iva,F
Emma,F
Helen,F
Marilyn,F
Flor,F
Hattie,F
Ella,F
Christine,F
Michele,F
Bertha,F
Samantha,F
Tracey,F
Stacey,F
Barbara,F
Anne,F
Maria,F
Rebecca,F
Gloria,F
Kim,F
Dora,F
Denice,F
Patricia,F
Judy,F
Rolanda,F
Bessie,F
Sarah,F
Jennifer,F
Carol,F
Nancy,F
Mary,F
Marlene,F
Mellissa,F
Margret,F
Connie,F
Deborah,F
Marilyn,F
Ruth,F
Cara,F
Julie,F
Norma,F
Anne,F
Tracey,F
Linda,F
Christine,F
Ann,F
Christine,F
Ida,F
Gwen,F
Carrie,F
Alma,F
Elizabeth,F
Elizabeth,F
Dolores,F
Dorothy,F
Dorothea,F
Jennifer,F
Demetrius,F
Sara,F
Dana,F
Lana,F
Sandra,F
Carol,F
Rita,F
Jeanne,F
Janet,F
Maria,F
Anne,F
Joann,F
Diana,F
Sherry,F
Valarie,F
Rebecca,F
Michelle,F
Mary,F
Mary,F
Elaine,F
Martha,F
Sofia,F
Blanche,F
Elizabeth,F
Darlene,F
Kathleen,F
Terese,F
Dorothy,F
Gloria,F
Amanda,F
Phyllis,F
Lilly,F
Shirley,F
Lynn,F
Susan,F
Frances,F
Manuela,F
Margaret,F
Jaunita,F
Roberta,F
Gabrielle,F
Donna,F
Tara,F
Angie,F
Margie,F
Fay,F
Amanda,F
Helen,F
Katherine,F
Nellie,F
Carolyn,F
Christine,F
Cynthia,F
Kimberly,F
Michelle,F
Bonnie,F
Carolyn,F
Mary,F
Sunshine,F
Della,F
Ethel,F
Barbara,F
Michelle,F
Catherine,F
Carol,F
Stella,F
Jenelle,F
Donna,F
Yvonne,F
Tony,F
Ann,F
Kellie,F
Judith,F
Maria,F
Jean,F
Jane,F
Brenda,F
Trina,F
Jane,F
Susie,F
Beulah,F
Constance,F
Mary,F
Teresa,F
Shawn,F
Karen,F
Rita,F
Sherry,F
Ashley,F
Donna,F
Guadalupe,F
Mary,F
Sandra,F
Edna,F
Janice,F
Donna,F
Julie,F
Susan,F
Bernadine,F
Alexandra,F
Diane,F
Kristin,F
Cassie,F
Eva,F
Deborah,F
Catherine,F
Karen,F
Carlene,F
Julia,F
Miriam,F
Barbara,F
Gertrude,F
Angela,F
Sheila,F
Carolyn,F
Anne,F
Emma,F
Tammy,F
Isabel,F
Pauline,F
Inocencia,F
Meagan,F
Phyllis,F
Lauren,F
Mavis,F
Marie,F
Cathy,F
Jessica,F
Linda,F
Linda,F
Francine,F
Stephanie,F
Helen,F
Davina,F
Edna,F
Ruth,F
Lana,F
Jay,F
Mildred,F
Cecile,F
Jami,F
Erin,F
Ruth,F
Marie,F
Leatrice,F
Sheila,F
Mary,F
Felicia,F
Donna,F
Catherine,F
Sara,F
Barbara,F
Danielle,F
Christina,F
Abbie,F
Laura,F
Martha,F
Lana,F
Dee,F
Stephanie,F
Tammy,F
Amanda,F
Megan,F
Karen,F
Beth,F
Marie,F
Laura,F
Tina,F
Raquel,F
Verna,F
Ruby,F
Christina,F
Ka,F
Annie,F
Susan,F
Elma,F
Isabelle,F
Barbara,F
Tanya,F
Felicidad,F
Rose,F
Rosie,F
Amanda,F
Leslie,F
Sharon,F
Rebecca,F
Josephine,F
Chantell,F
Tracy,F
Janice,F
Lindsay,F
Nicole,F
Maria,F
Marie,F
Eleanor,F
Erika,F
Dorothy,F
Linda,F
Michele,F
Elida,F
Madeline,F
Lisa,F
Lorri,F
Jennifer,F
Lorraine,F
Linda,F
Tonya,F
Dara,F
Marisela,F
Judy,F
Judy,F
Deborah,F
Marie,F
Debra,F
Ella,F
Christy,F
Mable,F
Kathy,F
Carrie,F
Dyan,F
Carrie,F
Kathleen,F
Caron,F
Kristine,F
Kelly,F
Marsha,F
Shirley,F
Elisha,F
Maxine,F
Sarah,F
Maryann,F
Gladys,F
Sandra,F
Carolyn,F
Valerie,F
Michelle,F
Laurie,F
Patricia,F
Susan,F
Betty,F
Karla,F
Mary,F
Catalina,F
Ellen,F
Carolyn,F
Hedwig,F
Kathleen,F
Florence,F
Jacqueline,F
Mary,F
Frances,F
Diane,F
Ramona,F
Bernice,F
Debra,F
Mary,F
Shirley,F
Virginia,F
Linda,F
Julie,F
Eileen,F
Rose,F
Sherry,F
Margie,F
Josephine,F
Evelyn,F
Helen,F
Lori,F
Myrtle,F
Susan,F
Mary,F
Ingrid,F
Margaret,F
Melissa,F
Teresa,F
Anne,F
Stella,F
Winifred,F
Deborah,F
Gina,F
Kimberly,F
Mildred,F
Harriet,F
Amanda,F
Carolyn,F
Pearl,F
Nancy,F
Hazel,F
Ruby,F
Josette,F
Ursula,F
Nancy,F
Beverly,F
Lori,F
Ophelia,F
Vanessa,F
Elizabeth,F
Renita,F
Aleta,F
Maria,F
Venessa,F
Helen,F
Darlene,F
Melinda,F
Denise,F
Teresa,F
Suzanne,F
Willie,F
Wanda,F
Myrtle,F
Elissa,F
Lisa,F
Margaret,F
Julie,F
Gwendolyn,F
Diana,F
Vilma,F
Sue,F
Ashanti,F
Karen,F
Page,F
Melynda,F
Jenny,F
Jennifer,F
Leda,F
Pauline,F
Maxine,F
Effie,F
Ashlee,F
Colleen,F
Suzanne,F
Hazel,F
Mary,F
Valerie,F
Marie,F
Marylou,F
Lillie,F
Farrah,F
Stephanie,F
Barbara,F
Raquel,F
Vonda,F
Roberta,F
Felicia,F
Brianna,F
Ann,F
Ann,F
Sheila,F
Mary,F
Alyssa,F
Mary,F
Regina,F
Jeanne,F
Ida,F
Mary,F
Vera,F
Ruthe,F
Mildred,F
Mary,F
Marie,F
Cathleen,F
Eva,F
Martha,F
Elaine,F
Hilda,F
Minnie,F
Marion,F
Judy,F
Amanda,F
Doreen,F
Hannah,F
Rachel,F
Vera,F
Michelle,F
Nicolette,F
Rachel,F
Sherry,F
Nina,F
Lidia,F
Darlene,F
Lori,F
Celia,F
Chong,F
Lacey,F
Ramona,F
Nellie,F
Betty,F
Sandra,F
Lori,F
Naomi,F
Judy,F
Deanna,F
Brittney,F
Norma,F
Sharon,F
Kelly,F
Kimberly,F
Wanita,F
Mary,F
Linnie,F
Mary,F
Ollie,F
Ruth,F
Susan,F
Rebecca,F
Sandra,F
Nina,F
Renita,F
Shawn,F
Miriam,F
Marsha,F
Maureen,F
Erline,F
Heather,F
Teresa,F
Lisa,F
Pauline,F
Edna,F
Vivian,F
Nancy,F
Donna,F
Carol,F
Mildred,F
Judy,F
Dolores,F
Paula,F
Dorothy,F
Cynthia,F
Clara,F
Elizabeth,F
Beth,F
Ashley,F
Cristal,F
Martha,F
Maria,F
Marilyn,F
Susie,F
Jill,F
Ruby,F
Rose,F
Christie,F
Shannan,F
Margaret,F
Margaret,F
Edna,F
Marilyn,F
Lila,F
Laura,F
Angela,F
Maria,F
Dolly,F
Janice,F
Nettie,F
Anna,F
Mary,F
Lori,F
Marcia,F
Sherry,F
Joanne,F
Pauline,F
Christina,F
Helen,F
Ellen,F
Daisy,F
Judy,F
Linda,F
Judith,F
Mary,F
Lisa,F
Karen,F
Sarah,F
Alisa,F
Marjorie,F
Christine,F
Victoria,F
Amanda,F
Angelia,F
Linda,F
Jeannine,F
Jane,F
Beverly,F
Kelly,F
Jeanette,F
Betty,F
Nadine,F
Mamie,F
Linda,F
Tamara,F
Catherine,F
Rhonda,F
Glenda,F
Alisha,F
Carolyn,F
Veronica,F
Melissa,F
Lizzie,F
Anna,F
Megan,F
Ruth,F
Sandra,F
Susana,F
Alice,F
Ruth,F
Edith,F
Mary,F
Lisa,F
Ann,F
Amada,F
Betsy,F
Alexis,F
Marian,F
Illa,F
Terri,F
Gail,F
Yvonne,F
Bertie,F
Ruth,F
Iris,F
Carolyn,F
Mamie,F
Nancy,F
Florence,F
Tonya,F
Marie,F
Regina,F
Suzanne,F
Brenda,F
Constance,F
Jennifer,F
Verda,F
Mamie,F
Janice,F
Karri,F
Annmarie,F
Kathryn,F
Carolyn,F
Leigh,F
Cheryl,F
Lucy,F
Karla,F
Kathleen,F
Doreen,F
Maria,F
Jasmine,F
Kimberly,F
Barbara,F
Sofia,F
Gladys,F
Kathy,F
Chantel,F
Maria,F
Theresa,F
Hilda,F
Marcia,F
Lois,F
Angela,F
Jessica,F
Michelle,F
Lauren,F
Judith,F
Phyllis,F
Min,F
Rosemary,F
Nina,F
Kathleen,F
Crystal,F
Lindsey,F
Harriet,F
Helen,F
Patrica,F
Martha,F
Brenda,F
Donna,F
Maureen,F
Kimberly,F
Catherine,F
Audrey,F
Sandra,F
Julia,F
Eula,F
Esther,F
Ruth,F
Alice,F
Linda,F
Aura,F
Tamara,F
Jacqueline,F
Anna,F
Yvonne,F
Agnes,F
Martina,F
Mary,F
Roberta,F
Kathleen,F
Norma,F
Mary,F
Verna,F
Yetta,F
Shauna,F
Helen,F
Julia,F
Willie,F
Susan,F
Eula,F
Stacia,F
Sheryl,F
Deborah,F
Carole,F
Christine,F
Chong,F
Melissa,F
Lisa,F
Helene,F
Awilda,F
Pauline,F
Elisabeth,F
Eileen,F
David,F
Beatrice,F
Terri,F
Rachel,F
Margaret,F
Jane,F
Michele,F
Mary,F
Linda,F
Tamra,F
Henriette,F
Tracy,F
Ayana,F
Billie,F
Helen,F
Linda,F
Mee,F
Mary,F
Elizabeth,F
Tina,F
Ella,F
Mary,F
Rhoda,F
Sherry,F
Dorothy,F
Erin,F
Pat,F
Frances,F
Betty,F
Gabriela,F
Jennifer,F
Lena,F
Lena,F
Clora,F
Ruby,F
Anita,F
Elizabeth,F
Tamara,F
Nicole,F
Evelyn,F
Lisa,F
Royce,F
Wanda,F
Kathryn,F
Catherine,F
Jill,F
Joan,F
Courtney,F
Lisa,F
Debra,F
Nida,F
Karen,F
Deborah,F
Mary,F
Sandra,F
Margaret,F
Amanda,F
Brenda,F
Rita,F
Kimberly,F
Catherine,F
Alfreda,F
Becky,F
Helen,F
Ruth,F
Kimberly,F
Willodean,F
Barbara,F
Antonia,F
Frankie,F
Rebecca,F
Lauren,F
Mary,F
Mary,F
Lillian,F
Brenda,F
Janell,F
Mary,F
Jennifer,F
Patricia,F
Dolores,F
Katheryn,F
Lisa,F
Irene,F
Linda,F
Dorothy,F
Lisa,F
Stacey,F
Annie,F
Jennifer,F
Kendra,F
Irma,F
Ann,F
Hazel,F
Jackie,F
Carmela,F
Denise,F
Terri,F
Barbara,F
Rose,F
Rhoda,F
Elizabeth,F
Annie,F
Cara,F
Karen,F
Elizabeth,F
Opal,F
Nancy,F
Diana,F
Rosa,F
Adina,F
Yvonne,F
Danielle,F
Kimberly,F
Mattie,F
Amy,F
Krystle,F
Teresa,F
Coleen,F
Jill,F
Sharon,F
June,F
Tammy,F
Ann,F
Janice,F
Alma,F
Mary,F
Deloris,F
Betty,F
Ariane,F
Annmarie,F
April,F
Rhonda,F
Jeanie,F
Debra,F
Esther,F
Tina,F
Priscilla,F
Annie,F
Judith,F
Genny,F
Elsie,F
Elizabeth,F
Katie,F
Carrie,F
Shirley,F
Ramona,F
Margaret,F
Julie,F
Odessa,F
Patricia,F
Michelle,F
Ariel,F
Carolina,F
Janis,F
Marie,F
Mary,F
Wendi,F
Patricia,F
Morgan,F
Sandra,F
Noelle,F
Pamela,F
Marry,F
Wendi,F
Andrea,F
Jennifer,F
Jean,F
Aisha,F
Anna,F
Cora,F
Eva,F
Helen,F
Olivia,F
Virginia,F
Lorraine,F
Carmen,F
Hattie,F
Mary,F
Nancy,F
Angela,F
Carla,F
Gisele,F
Zoraida,F
Lisa,F
Laura,F
Ellen,F
Mona,F
Sara,F
Cynthia,F
Ana,F
Nannie,F
Crystal,F
Lisa,F
Stephanie,F
Julie,F
Karen,F
Courtney,F
Deborah,F
Lori,F
Tasha,F
Clara,F
Ann,F
Eleanor,F
Elizabeth,F
Donna,F
Penny,F
Cynthia,F
Eleanor,F
Carol,F
Melissa,F
Marguerite,F
Myrna,F
Melanie,F
Betty,F
Catrina,F
Wendy,F
Bonnie,F
Trudi,F
Kathleen,F
Misty,F
Angela,F
Carolyn,F
Lilian,F
Dian,F
Leesa,F
Agnes,F
Sheila,F
Cyrstal,F
Ida,F
Laura,F
Deena,F
Linda,F
Brianna,F
Josephine,F
Anita,F
Janelle,F
Jeanetta,F
Louise,F
Corinne,F
Barbara,F
Betsy,F
Diane,F
Annabell,F
Agnes,F
Elizabeth,F
Earnestine,F
Dollie,F
Naomi,F
Geraldine,F
Jill,F
Phyllis,F
Shannon,F
Ashley,F
Serafina,F
Janet,F
Betty,F
Ashley,F
Mildred,F
Jennifer,F
Jennifer,F
Melinda,F
Annette,F
Naomi,F
Gail,F
Marie,F
Janet,F
Christine,F
Carol,F
Jamie,F
Nancy,F
Magdalena,F
Natasha,F
Kathleen,F
Lavada,F
Rebekah,F
Jeanette,F
Helen,F
Susan,F
Rita,F
Ida,F
Kristen,F
Karen,F
Ina,F
Rosa,F
Martha,F
Brenda,F
Brenda,F
Carolyn,F
Dorothy,F
Kathleen,F
Lisa,F
Della,F
Loretta,F
Denise,F
Leona,F
Jillian,F
Rachael,F
Joan,F
Michele,F
Cora,F
Kanesha,F
Betty,F
Joyce,F
Carolyn,F
Missy,F
Carolyn,F
Cynthia,F
Bernice,F
Rhonda,F
Edda,F
Amanda,F
Jennifer,F
Martha,F
Leslie,F
Rachel,F
Sandra,F
Joan,F
Rita,F
Elizabeth,F
Lyndia,F
Linda,F
Terri,F
Rochelle,F
Amy,F
Karen,F
Megan,F
Betty,F
Brenda,F
Becky,F
Carrie,F
Susan,F
Ella,F
Marsha,F
Janet,F
Laverne,F
Candis,F
Alma,F
Donna,F
Angela,F
Janet,F
Loria,F
Angie,F
Yvonne,F
Julia,F
Naomi,F
Jean,F
Heather,F
Billie,F
Annette,F
Jacqueline,F
Leah,F
Mildred,F
Anitra,F
Marie,F
Beulah,F
Pamela,F
Carol,F
Barbara,F
Sarah,F
Rose,F
Melissa,F
Reva,F
Valarie,F
Edith,F
Suzanne,F
Marie,F
Janet,F
Julie,F
Sarah,F
Daniel,F
Eunice,F
Wanda,F
Janet,F
Lillian,F
Cheryl,F
Cecilia,F
Michelle,F
Jong,F
Lois,F
Mary,F
Vicky,F
Gladys,F
Karen,F
Alice,F
Ann,F
Janet,F
Carol,F
Dedra,F
Jody,F
Lori,F
Tanja,F
Alyssa,F
Beverly,F
Nancy,F
Mary,F
Cheryl,F
Mary,F
Dorothy,F
Nancy,F
Rosemary,F
Ann,F
Shirley,F
Latosha,F
Mary,F
Katie,F
Lucille,F
Pat,F
Stephanie,F
Regina,F
Angela,F
Jennifer,F
Paula,F
Beverly,F
Shirley,F
Dallas,F
Julie,F
Louisa,F
Brenda,F
Virginia,F
Sandra,F
Angela,F
Geraldine,F
Cynthia,F
Cinthia,F
Mittie,F
Narcisa,F
Josephine,F
Eva,F
Harriet,F
Milagro,F
Jennifer,F
Edith,F
Magdalena,F
Helen,F
Emilia,F
Mary,F
Cheryl,F
Matilda,F
Emily,F
Ines,F
Josephine,F
Kathleen,F
Heather,F
Marylou,F
Patricia,F
Helen,F
Katherine,F
Ossie,F
Kimberlee,F
Jennifer,F
Clarissa,F
Leslie,F
Jaime,F
Carolyn,F
Roberta,F
Dorothy,F
Barbara,F
Lynn,F
Patricia,F
Constance,F
Esther,F
Irma,F
Judith,F
Jeanette,F
Bethany,F
Patricia,F
Dorothea,F
Lisa,F
Shirley,F
Joan,F
Judy,F
Margaret,F
Katie,F
Ruth,F
Wendy,F
Judie,F
Sheila,F
Shauna,F
Tracy,F
Elizabeth,F
Alicia,F
Kathleen,F
Jessie,F
Rebecca,F
Dorothy,F
Georgia,F
Peggy,F
Sheri,F
Maura,F
Blanche,F
Ann,F
Ericka,F
Judith,F
Elizabeth,F
Brenda,F
Janet,F
Bonnie,F
Shelley,F
Jodie,F
Scarlett,F
Ruth,F
Elfriede,F
Lois,F
Barbara,F
Tia,F
Ella,F
Gail,F
Catrina,F
Lynn,F
Melinda,F
Heidi,F
Delores,F
Jamie,F
Elizabeth,F
Solange,F
Tara,F
Linda,F
Beth,F
Carol,F
Susan,F
Mae,F
Myrtle,F
Johanna,F
Margaret,F
Leola,F
Annette,F
Diane,F
Phyllis,F
Lorena,F
Patricia,F
Julie,F
Ka,F
Teresa,F
Melissa,F
Dannielle,F
Gloria,F
Penny,F
Kristen,F
Michiko,F
Mandi,F
Shelley,F
Anna,F
Mary,F
Viviana,F
Sarah,F
Elaine,F
Mary,F
Mary,F
Lizbeth,F
Rocio,F
Sandra,F
Jennifer,F
Arielle,F
Elizabeth,F
Mamie,F
Kim,F
Vivian,F
Kathleen,F
Christine,F
Beth,F
Susan,F
Ester,F
Kelly,F
Erma,F
Tania,F
Donna,F
Erin,F
Tammie,F
Alisha,F
Peggy,F
Cecile,F
Brenda,F
Jennifer,F
Christy,F
Joan,F
Dorothy,F
Susana,F
Virginia,F
Melissa,F
Angel,F
Mary,F
Willie,F
Linda,F
Laura,F
Graciela,F
Sara,F
Diana,F
Josefina,F
Jamie,F
Mary,F
Mary,F
Karen,F
Elizabeth,F
Mary,F
Nancy,F
Dorothy,F
Mary,F
Edna,F
Elia,F
Cindi,F
Jennifer,F
Lucretia,F
Gina,F
Patricia,F
Ann,F
Diane,F
Jean,F
Robin,F
Carolyn,F
Bernice,F
Stacey,F
Tamara,F
Lorie,F
Linda,F
Gloria,F
Rachael,F
Stephanie,F
Mellie,F
Kaylene,F
Karen,F
Nancy,F
Mary,F
Gisele,F
Edith,F
Gina,F
Billie,F
Florence,F
Rosalba,F
Anne,F
Marline,F
Debbie,F
Elizabeth,F
Amanda,F
Christine,F
Ashli,F
Sandra,F
Lorraine,F
Mary,F
Deborah,F
Hazel,F
Shawnda,F
Margaret,F
Anna,F
Ruth,F
Bernadette,F
Michelle,F
Katherine,F
Catalina,F
Sandra,F
Mary,F
Linda,F
Erin,F
Joan,F
Mary,F
Kim,F
Mei,F
Marilyn,F
Heather,F
Barbara,F
Jennifer,F
Carol,F
Miriam,F
Doris,F
Helene,F
Claudine,F
Christina,F
Narcisa,F
Paula,F
Monica,F
Lindsey,F
Helen,F
Yvonne,F
Lucille,F
Jasmine,F
Bobbie,F
Lou,F
Patricia,F
Lori,F
Gayle,F
Veronica,F
Cindy,F
Nancy,F
Lise,F
Sharon,F
Amy,F
Marsha,F
Marcelle,F
Zoila,F
Mary,F
Jill,F
Rosa,F
Bonnie,F
Teresa,F
Rebecca,F
Stevie,F
Amanda,F
Janice,F
Lois,F
Ronda,F
Patricia,F
Melissa,F
Bethany,F
Joan,F
Monica,F
Cheryl,F
Karla,F
Manuela,F
Marissa,F
Gayla,F
Diane,F
Jennifer,F
Kathleen,F
Aimee,F
Nancy,F
Jennifer,F
Pauline,F
Elizabeth,F
Stephanie,F
Carol,F
Stephanie,F
Tamara,F
Alene,F
Lynetta,F
Leigh,F
Mabel,F
Christine,F
Mary,F
Christina,F
Ruth,F
Terri,F
Dorothy,F
Margaret,F
Barbara,F
Cecelia,F
Minerva,F
Elizabeth,F
Annmarie,F
Lindsey,F
Janette,F
Sharon,F
Gloria,F
Kathryn,F
Althea,F
Brooke,F
Hazel,F
Sandra,F
Lori,F
Mary,F
Teresa,F
Christina,F
Kimberly,F
Margaret,F
Sonya,F
Sarah,F
Marilyn,F
Lakeisha,F
Mary,F
Sara,F
Kathleen,F
Stephanie,F
Tabetha,F
Wanda,F
Lois,F
Heidi,F
Faye,F
Nicole,F
Ellen,F
Margaret,F
Erin,F
Barbara,F
Emma,F
Barbara,F
Helen,F
Doris,F
Phyllis,F
Ruth,F
Frances,F
Melanie,F
Lois,F
Evelyn,F
Francene,F
Sharon,F
Cindy,F
Kathryn,F
Anna,F
Beatrice,F
Frances,F
Mary,F
Sadie,F
Elva,F
Elizabeth,F
Tabatha,F
Pauline,F
Maria,F
Stacy,F
Florine,F
Candace,F
Vivian,F
Marcella,F
Barbara,F
Donna,F
Cassondra,F
Louise,F
Helen,F
Jennifer,F
Megan,F
Margaret,F
Gwen,F
Natalie,F
Rosalinda,F
Kristine,F
Gisela,F
Kyoko,F
Colleen,F
Kathrin,F
Mildred,F
Andrea,F
Curtis,F
Glenda,F
Barbara,F
Wanda,F
Rosie,F
Betty,F
Christina,F
Carolyn,F
Brooke,F
Regan,F
Viva,F
Nelda,F
Lila,F
Loretta,F
Geralyn,F
Lana,F
Cynthia,F
Geraldine,F
Frances,F
Lisa,F
Corey,F
Georgette,F
Kaye,F
Kristi,F
Thelma,F
Beatrice,F
Marlene,F
Ana,F
Ada,F
Pamela,F
Nancy,F
Helen,F
Katy,F
Linda,F
Elizabeth,F
Christy,F
Frances,F
Adelaida,F
Barbara,F
Rhonda,F
Carolyn,F
Kathleen,F
Jasmine,F
Inez,F
Mildred,F
Evelyn,F
Lydia,F
Thelma,F
Laurie,F
Theodora,F
Willie,F
Rosario,F
Aimee,F
Kathy,F
Gertrude,F
Norma,F
Lisa,F
Laura,F
Ella,F
Mary,F
Philomena,F
Helen,F
Barbara,F
Gayle,F
Ruth,F
Christina,F
Jessica,F
Janie,F
Carolyn,F
Diana,F
Debbie,F
Virginia,F
Ann,F
Betty,F
Michelle,F
Linda,F
Maria,F
Ashly,F
Danette,F
Shauna,F
Bess,F
Blanca,F
Claire,F
Rebecca,F
Kay,F
Evelyn,F
Wendy,F
Dolores,F
Carol,F
Sandra,F
Rachell,F
Marcy,F
Alejandra,F
Angela,F
Annie,F
Wilma,F
Tonia,F
Pamela,F
Audrey,F
Linda,F
Edna,F
Kay,F
Sophie,F
Sandra,F
Pamela,F
Brenda,F
Crystal,F
Nicole,F
Guillermina,F
Valerie,F
Regina,F
Doreen,F
Sharon,F
Bernarda,F
Amy,F
Alice,F
Laura,F
Lori,F
Nancy,F
Ellen,F
Sharon,F
Laura,F
Lorie,F
Ruth,F
Patti,F
Julie,F
Tina,F
Lisa,F
Diane,F
Alberta,F
Hannah,F
Elizabeth,F
Virginia,F
Christina,F
Heather,F
Helene,F
Georgia,F
Marquita,F
Sandra,F
Dianne,F
Karen,F
Melodie,F
Edith,F
Valentina,F
Caren,F
Stacie,F
Mari,F
Ethel,F
Patricia,F
Diane,F
Kimberly,F
Devon,F
Diane,F
Elizabeth,F
Laura,F
Carolyn,F
Laura,F
Joan,F
Brandi,F
Elizabeth,F
Tamara,F
Carmen,F
Bonnie,F
Josephine,F
Denise,F
Danielle,F
Maria,F
Berta,F
Iluminada,F
Mattie,F
Susan,F
Jean,F
Kristen,F
Suzanne,F
Cynthia,F
Colette,F
Mildred,F
Nellie,F
Nakita,F
Marcy,F
Margaret,F
Ashley,F
Peggy,F
Amparo,F
Jennie,F
Adelina,F
Deanna,F
Samantha,F
Monica,F
Beverly,F
Jetta,F
Susan,F
Josephine,F
Joan,F
Alice,F
Bennie,F
Courtney,F
Mary,F
Lucy,F
Felicia,F
Jessica,F
Carolyn,F
Ramona,F
Lisa,F
Twila,F
Lili,F
Kim,F
Jillian,F
Joyce,F
Kathryn,F
Barbara,F
Kristi,F
Katherine,F
Laverne,F
Mariam,F
Judith,F
Tara,F
Florence,F
Amanda,F
Annemarie,F
Kristin,F
Lisa,F
Juanita,F
Carmen,F
Dorothy,F
Irene,F
Viola,F
Mary,F
Rachel,F
Heather,F
Sandra,F
Rosemarie,F
Sylvia,F
Alice,F
Susan,F
Camilla,F
Joanne,F
Clara,F
Zaida,F
Cynthia,F
Dolores,F
Erin,F
Helen,F
Betty,F
Dawn,F
Cynthia,F
Anita,F
Teresa,F
Ashley,F
Jean,F
Bonnie,F
Jennifer,F
Kathleen,F
Candi,F
Estela,F
Yvette,F
Rebecca,F
Nancy,F
Alejandra,F
Jimmie,F
Ruby,F
Sabrina,F
Judith,F
Camila,F
Kimberly,F
Joanne,F
Lacie,F
Amanda,F
Eva,F
Luz,F
Tricia,F
Ashley,F
Veronica,F
Lorraine,F
Chasity,F
Esther,F
Amy,F
Jane,F
